land_size,turnover,existing_loans,experience,true_credit_score
9.9889628523367,969515.6859504419,289577.3968156337,28,563.0441216729246
23.817143353837988,2513433.687256063,304448.0883130813,7,597.3116764604689
18.567854603473723,1504225.5512271551,960843.331011905,35,537.4164612408957
15.367803620728878,1765801.6607971576,999059.9653899904,28,541.4755338982186
4.744447370618476,472825.55031298817,72013.89830037212,14,530.451936204994
4.7438684880688635,413973.3439047909,121450.47582697765,10,487.88342838118376
2.394006692036787,255240.66230051004,21604.595695278895,16,541.2808225149781
21.788227498598445,2621688.546910144,1317569.6325537828,16,552.3544863415187
15.426760281837012,1480798.7373158669,143781.91409375414,31,632.8124415648556
17.993741867105093,1946123.0148714154,1534999.3413672543,25,495.0954536148697
1.4940278630992587,159021.75067053316,99316.34418717424,13,420.4517380767634
24.277836451887865,2715794.1859251554,847846.0672672634,6,564.193599503567
20.97862337921012,2331577.4680552166,1079173.3026655738,9,527.6928695575119
6.096138656278628,850654.5021628086,620189.6151789753,36,496.21148949188694
5.363799212970415,562254.5750066214,249235.884328344,20,493.8342981369327
5.401708236482412,630348.996141606,87995.9565833446,18,551.2942020219914
8.301813831028905,884393.4599446813,267938.21674806596,21,537.7832015048018
13.594154359173707,1631659.65140252,1100580.3652450074,4,442.36320765134155
11.36668044741078,1080106.9740631115,556655.1770820937,33,539.1301964041855
7.989499364753006,942233.2285848603,490507.31005578575,27,514.5734276499863
15.684469473337106,1536641.0903714602,1065594.8103406155,7,443.7742059047001
4.347852655649004,442599.0545203636,316537.30399966665,6,392.6682729868138
8.011471564845236,842173.2427869542,619699.7542934722,15,431.5201182267684
9.7926842390486,1052320.0822229437,79849.36867435288,18,580.9169323684127
11.945679621208862,1237741.4384436675,538789.8402915283,32,558.4494972236505
19.844223073432325,2070334.5518978722,1226481.9582301085,11,497.3318586809839
5.792170771800634,756328.0164920005,457987.9835235697,20,469.1448254393578
13.341626521926678,1579375.1771170923,766586.0071569476,24,538.1004147694831
15.217949652689018,1750196.22770422,233528.45189384467,15,588.321875478781
2.1148099052799454,211030.29799976732,134623.9177035592,7,401.85392328932437
15.58107644563452,1392277.7047153788,802075.9636525754,21,503.4732948262238
5.092578968494997,634232.0498215964,43704.05356200802,26,589.587558545018
2.5612382316467084,317780.29123075254,117911.69692856606,14,480.5016397013299
23.77325289408,2976477.8754728567,414271.90440716024,37,702.2227310954257
24.175168793789425,2240496.8756641718,604893.0132226307,21,598.6235477124914
20.401536354795066,2005906.45691658,29015.18368279077,18,631.3432835237535
8.310730460160897,636693.3814893172,203909.90210369523,5,476.41495631385135
3.344130736153213,320725.9532828681,141087.83978085927,3,433.84873074632105
17.421592636291766,2048586.945659023,1015415.049138512,23,551.8102629740271
11.563659849750431,1127450.076671915,598441.7923891516,26,516.939547846283
3.928917636274692,504637.649073101,337619.26574742567,37,497.37889586653046
12.884245842670484,1299607.2514950268,224013.72537899145,24,589.5102248956842
1.8253245067652415,229405.0892045591,22111.31457921967,19,546.8991119780275
22.82368964989077,1939450.683564008,1321211.4800940754,25,516.3320798388922
7.210719558400406,772288.2775155761,96760.19284024827,21,568.833480717799
16.900534824495566,955776.5178344211,745322.2370108047,12,418.2694476995856
8.481065826145862,890330.4033142028,600109.9212704983,33,499.80709942878616
13.48163250826746,1026441.634531791,411296.48163844465,4,472.91740843893575
14.121046704238712,1681553.2438220717,1320249.9045072892,7,431.2347017653588
5.436506932612649,651046.4002027896,50717.415159430675,22,576.4615793508309
24.270031066349404,2662894.895086149,645625.814646861,33,657.0252740154297
19.60318776066675,2441567.3359089047,1246614.3077941798,17,546.5467870298584
23.547974597540538,2067621.5278405065,578945.3889177481,24,598.7037621579117
22.47585641026357,2904687.906020293,2157306.0192158413,34,569.647907923885
15.349599491466044,1805591.4565574063,94795.12331292032,28,645.7234841538454
23.124981640554804,2308443.113946766,1014628.7683536087,39,621.4318314281163
3.123820049246068,409594.09968607454,193612.26946285865,22,487.84516120422467
5.703588698059485,509711.2221940356,266162.2797847269,17,466.95194908340557
2.0854549338529136,250753.18649244908,51287.29614315408,34,571.1235317266077
8.807927938318343,812386.5774373886,236935.09784115083,6,492.1648346943172
10.328254952547567,962874.2457582654,649886.6029296794,6,421.52608508393416
7.512376762573502,700178.7900004768,109195.8336774952,34,598.8163085647935
20.889700219646304,2474217.601194834,1636680.78507073,1,469.6698485000554
9.562079840646142,939080.1874130305,422702.8479907723,10,477.53833983208244
7.742428232497138,857181.489536241,522666.420921011,21,475.3372577903965
14.024705995797962,1292485.4461559937,737861.7081321974,5,452.5222392440843
4.3821813993943035,322544.9311493365,53545.424793289334,2,485.6999579843928
20.252727538096952,2151313.72529709,978955.7176111896,22,561.042511182464
2.7892154483144997,202916.1780530934,140860.05262031176,2,375.2809426733089
24.685286478412415,2463114.8814943563,851481.5467217371,10,559.3859973714656
19.53387446311978,1620460.033393593,1253057.3694352116,34,512.1638781000131
5.769176356820138,780891.8213205911,282504.8585176832,16,506.8812568365488
1.1325308109664576,206735.2765390828,23615.062465875315,39,602.4237091947018
20.57107428291602,2133739.464730786,664761.7166532315,22,589.0400297768037
17.96457625234281,2160986.9498041123,1645293.1842456965,12,470.16709296967855
18.496172032983694,1662813.1145963343,425308.81703375065,24,587.3571886894767
19.5104883204627,2186102.0530955973,1518200.9356591168,38,562.5483765450938
2.7770716416181687,306030.48249951185,215751.657054506,10,401.24111023087806
9.603177485062542,1068349.2240162725,299297.2012248049,35,591.7041250675371
3.780857428603113,514244.550600629,34251.837558646526,32,603.248556735924
21.714482221014244,2424033.523244105,1405082.1290661057,7,502.0320754643533
15.95915504386139,1707032.2898839805,425409.2424902943,21,581.4393237531215
8.94155259646358,712196.3138624269,446076.24968807335,20,463.2200742732855
2.5254004068645672,268172.5211158431,94966.29331372105,26,517.9021251229644
8.463575721175893,838779.226850307,325625.33036664897,4,467.90849029919286
8.804399728641929,936771.2884653528,582978.5578153161,22,479.0053464588482
18.51054828011354,1567244.4688322416,479405.4525524861,15,546.5116457834292
16.301379312525114,2261842.7752691125,801827.5076342523,21,582.5733357590982
22.293105821831837,2766387.579303653,832550.9122053612,15,595.4650281690066
12.333158203886782,1388706.1279315646,408102.4196824778,22,562.7737626728978
3.870261902519241,447208.2130489772,188166.1030522625,28,517.7368762177256
18.117874893351882,1782115.855816446,1153099.4513768277,14,483.8767231124737
19.25884116680554,1704891.4203007785,493420.55290678266,27,591.3127269044206
14.470652741667909,1519883.1793327534,637444.7451448796,28,560.9145718872722
19.503212318909462,2077726.2696330808,1114870.2270662629,26,553.7926787145071
12.851094312745378,1049739.6972340879,226273.0262285753,2,504.8792764807787
13.545587905167856,1472458.0310511577,326912.5463026972,25,589.4946724576635
11.260984440605192,1105872.8980643393,825789.0238981802,3,403.88881559882077
1.6100590418582845,130930.66205553747,75786.28856504822,8,413.4716947492473
3.589394247839307,378615.5096546441,174825.46206732653,33,521.7947521904564
1.754300456481622,234546.22000688847,121536.23230960852,35,510.7466400929776
16.27384987033073,2100184.1700975318,49227.38127877804,6,597.3194559073543
8.54454354583184,1003786.7407053959,496354.8489772122,39,558.2549951383444
13.205696587952866,1102030.192790241,449195.32943008456,23,531.5597879957373
22.78159537422623,2494249.768663167,1088988.8100302839,25,587.450041981817
6.983013499572999,574228.6803168035,165113.17580438033,19,522.4613349197414
10.849190152855114,1271113.8320917508,82850.07866987912,5,552.8087296495993
19.133227325033168,1800110.7065784382,278425.61954138003,11,574.0701508852092
6.491155971798939,663998.4905942326,505034.4436109284,12,410.44078550974183
2.847517835891032,361380.227598717,118156.75266637292,10,479.06327914059926
7.954034869930433,657831.3283756949,245599.04026462307,8,475.6439482020895
4.869310894096106,432886.0474229536,18253.866072119767,24,580.8818755203679
23.312743656221755,2183194.8432264538,65611.51889590375,28,665.3171970020212
20.394889109546007,2429153.233758152,1393714.905027986,36,590.4170978228449
16.201690156250162,1324929.4003001594,570349.9525109597,37,577.9020297526286
21.915054164505225,1302502.7664270254,530072.7613917361,21,533.7071531824784
20.288129845578748,1907515.442052102,371011.03689832526,8,561.4006928144571
5.47768141326486,611102.046195665,364094.95680381125,9,432.28396478703905
22.421415963759465,2675815.1157202073,360135.98511644884,15,625.1147519714496
13.944213805975618,1333545.0647037763,202629.23201994412,18,576.9522436023879
20.3785637239375,1952092.1224311972,719482.0803177124,20,564.3697374815238
22.506191198163837,2652167.778049306,607409.7806381504,6,578.2819331840617
8.632083399324733,645111.8456279826,127713.0404383343,12,522.2103968278159
3.641246188664242,346904.1219886441,179068.4788462355,2,416.6381417510127
6.4704439010066,679526.2965582331,353881.9353539258,7,444.0255726273622
11.250586927030152,1232868.3067990143,813216.7710168989,16,465.3920011039719
20.632354382139834,1911457.7528094666,638745.8230043417,3,518.6249393967025
21.657533998152243,2182942.0105444747,127632.41243636029,3,584.6240658575949
1.1668511327485769,127132.49941016946,27833.51321568834,27,542.2986783889735
13.257935261861578,1270888.3036319779,996381.9845378187,38,508.0346580337884
11.017864075570696,1242736.8678372523,592794.0113646328,33,553.3081026762577
6.330587451297526,595781.2708286961,338278.4498696047,28,494.2733172649846
3.8767688160083873,393106.9044642649,2313.930902097736,1,517.5470234385043
9.102764113687071,987293.0358242131,409296.72840639215,8,480.5788042837652
23.62983289390046,2315567.583776924,69520.11427464722,37,697.6181181459884
8.756870368498126,962077.9740269474,438115.0793630959,32,543.4062850264462
13.450974921840785,1224852.118302837,902246.5005186,37,512.6707487903415
17.87245501348427,1739855.7393237369,1347927.66581763,4,426.64716869288424
9.727110457103056,1121745.646974876,485090.08846251917,30,548.3813978167672
24.322769985303054,2501547.256883513,916976.7789356202,6,544.7491214349859
24.09873507861067,2235853.58265293,1690335.884675006,19,495.23140822635816
7.04277509980874,791964.0956174916,426779.84111705056,32,519.9009907052284
12.93396414141725,1450037.4752497207,75285.1099579209,9,574.6176142838433
8.221079435602473,593316.9922176582,221058.31915240883,12,485.21658726190674
7.836171865059223,941857.7401658307,181021.30414151005,11,532.2351066523446
1.885286736508787,211019.62466702392,79310.34526323732,16,481.2720935548919
15.629544015517524,1664707.6061478192,606573.6016459662,1,496.71381272489486
13.064296557492675,1583047.488694973,737250.2945221661,21,533.1787310974402
2.2354900299997444,237553.55988140052,67801.68003447799,30,542.4188639393758
7.6875151416786744,712943.9374435255,93692.4968325816,13,541.2344855847925
22.798381263199687,2249161.478596368,906357.0786400579,34,611.3713496094617
6.749485376007338,603599.54366238,400888.06571063487,4,403.3115202511733
4.477476930189354,620269.7704237008,329493.3698096174,28,502.56883432613165
12.746866246661511,1186869.2354079175,321278.7282538158,38,607.3359108682821
24.655610898654416,2322100.9114000103,1737903.0910272282,31,536.2003528145832
6.80932651627601,755808.9264155529,551563.7000751867,27,465.279145656753
17.131253137741083,1414210.3961647341,236850.14626355146,5,538.0726719451336
19.278870767889224,1863462.917179491,58762.56652525,25,643.2317030679216
6.703301055817592,708249.8773014247,420025.44138552406,3,418.72060175593504
18.47719236668463,1821464.3508230415,1205970.0699382585,33,539.4409322170571
9.826795185262078,976914.1154951364,756416.4450923619,4,396.2182340675886
16.17533993424591,1539102.0905701178,1095639.2435253556,25,494.19026056867494
16.204713058261472,1292347.9538931842,620879.9031466224,20,515.608355242701
13.858592417794203,1520711.6803836212,644845.4267639432,34,578.0200929413639
3.1669544813057993,452062.3454652546,10068.712747186519,26,591.6279256165964
21.04725989414171,2120535.547997797,418435.0109417444,5,560.3563904247474
8.69872155932166,969264.8034308082,356390.72159385175,35,570.232231859964
5.476444249596502,660549.2881920157,332126.2430608852,28,509.8613475143098
1.978603397314334,218187.81523970357,97268.44804005077,29,506.5672192786425
15.181430636517803,1923842.1865025216,1142971.5569317502,9,485.1319291110304
17.261544684214776,1854542.0818268114,415071.63714684034,38,643.4189743311459
1.3981078942685476,186033.4696208509,84080.07501834951,6,435.0489215604383
13.290233399182743,1220890.6459210357,86089.63237305067,19,591.7328668943147
6.435898604750511,841102.7933361501,278348.1819141572,11,500.45762796013287
16.484146969826796,1844081.3533047505,1106686.0832249117,2,459.73752085945387
5.184794296119795,579490.4158517731,321455.3191244569,9,439.2354800854239
17.58250571445918,1861971.6160357294,1475638.9265972325,21,478.97602669388056
10.281648311212898,1037835.5734265912,230724.23687173112,24,569.0508427790227
23.48151972968163,2839006.5903365877,1131490.1628720744,34,635.8499757456268
4.300502659503838,483104.5358539209,127358.11007682978,22,532.5993152303174
9.185592425206204,653528.733983779,230357.43625632246,3,464.64465110988317
3.7233645097741377,333941.0646426138,228936.67097136774,12,412.24562180660246
23.192646838685505,2310610.8604124067,1264752.735938597,28,566.9509823863384
22.056144481143544,2368175.1835399605,1671820.2642262247,30,543.5364167259854
7.190599065163735,764956.3294856341,124541.6883512905,26,576.0364758463236
16.8396171048203,2033866.7309133152,1421040.0973207713,21,504.6168903819025
20.61333280482918,1514052.5995896568,72386.5812617382,28,635.0001401150448
14.324819478387095,1515335.0168843674,1077220.4844997353,26,496.4375158054303
13.711613880544157,1063249.9503340244,279910.1437342789,33,588.8781932996445
6.80445498161084,799986.9198650579,201332.7935060456,21,544.6654554483516
3.234466427341581,388863.7896246706,159306.163646837,35,538.6203793132006
22.53317819087984,2463145.0131423273,1853645.0758419186,34,550.015370489976
22.610033371919933,2004016.9986664795,76603.73363281482,18,626.5156615976343
16.19443497455843,1952246.6720252323,550113.399092852,11,554.73291086969
9.136714985168815,1102440.6187447784,755455.8025628016,23,476.0461065604574
9.381029790703861,1064216.6764316368,337190.2237297929,22,545.1999506675908
18.422936292885744,1840502.3094716475,293238.9839796882,17,592.7549887633352
22.53064623886185,2459033.014346356,835666.3329569394,5,545.3942515608284
22.290074182362815,2014657.101545297,621404.8681189963,11,551.8978838231448
19.717013100582975,2284736.3421161366,1673187.7309223076,30,534.9228614499729
16.408759507702907,2076864.9803829698,1265947.8578646383,15,506.16509909642326
3.019359159881172,404424.28300219716,163424.79717202092,27,516.3584824010469
4.87908913827073,504511.98154168064,398915.834491339,35,467.04118858621587
22.565300524649903,2444862.408151195,910031.6364591174,33,622.3500913219001
15.554297431830157,1293721.1202868454,60274.80938550579,20,602.4307918802298
1.2207292387991115,164553.9277127732,34526.61583428772,16,512.6182656181134
3.4353170287847705,434751.18654000526,151665.72695233286,34,549.6187706265102
16.92404245859334,1221731.4790591253,153354.30005303788,2,529.7648392989857
1.1214780123092485,162604.07569086732,123262.36121825677,35,459.8937428157878
4.859393234019968,521301.0748151287,319807.32372256153,28,482.15621934176147
14.169610944798066,1431015.110990769,307138.4303180415,39,631.3146523711871
17.60548474462464,1453147.0584300968,686820.69599098,6,481.59715697433734
16.64707022806241,1779837.3661774655,1027249.7340966825,9,482.7616295095671
6.382463427053435,702321.6593843228,528864.4634346563,20,437.4882377502853
18.09230131234086,1758508.4961624518,1240290.6016336877,1,432.27868397843235
6.693978099923202,609509.0337397974,251211.4527550063,8,465.94960516747767
8.809592755822425,1065539.5161401234,660338.3821367447,23,487.67716147872216
18.91579372283258,2367279.4644605774,1064602.9854322309,3,513.7480179660095
16.59118957713315,1546776.0539528495,683927.3136392242,4,485.43841975082756
21.38136185186027,1991801.7496446522,182834.58670053154,25,636.3133566516753
16.78270941520824,1877927.8741878096,189501.9391786411,38,668.935089684928
14.639406480051319,1415320.58367638,599567.8600718785,15,516.887444943462
3.2481944278742194,360027.6046305882,77438.06241285671,21,534.3832569885825
9.825179273426404,1161526.2995803868,19547.932375633332,35,648.0951475895405
7.364856824361411,553553.6692679297,320104.2348877374,14,448.4878741466832
6.855751441098006,893144.4400609736,23212.17856825925,36,638.5279221320126
24.352253314058693,2485774.34949787,1183779.1219732626,12,540.186679403266
10.43434539200225,1013029.6152481815,436975.4254472004,17,505.25017754955695
22.40911732425072,2288916.8529558913,1774029.018123827,39,553.546323625787
16.14732702393431,1623632.7200286735,628947.4372101077,9,514.4712065055243
20.075471284999562,1556226.89766202,79182.61281685435,35,657.0728460860332
13.063290234524612,1625261.202671072,717309.6400450317,13,515.740373257809
14.84569323103262,1523771.937992283,1025310.9935500678,15,471.3754902211151
12.820424651652733,1403234.5966741065,1119050.7226988305,18,450.63349838193386
5.685831707153068,715738.4485622686,246410.52438846376,33,558.7746301522392
18.338850766276128,1564980.8878677809,401009.1283323887,6,529.3514367152325
7.738536698580539,882813.364854515,640324.5182709072,27,471.24800708186075
1.5835831943548921,198000.8404304971,30292.881826231715,23,546.3212929650405
16.491335101772027,1912599.2193044398,941655.0899434832,27,559.0353423669093
5.250656305769175,425525.5295498124,138113.47615647598,34,554.1067133130408
23.571006024469945,2398064.317227331,78814.52277378217,38,703.3493942962044
23.894285848062097,2201369.0488399365,611608.0786843252,14,574.4886060646858
22.956745365290764,2516524.79385744,533963.3223329253,36,666.2244281538697
9.883808806130666,1074068.2837887723,589526.9985909915,8,457.188146720593
1.3709587966928183,192543.99049017357,146147.12685180778,35,460.89527998890003
23.27964550210541,2117277.2238022983,454024.16379284527,19,598.8035389715099
11.276419559615544,1168923.3190629755,758833.1671197907,30,506.92238249824993
24.19971565704807,2122494.2614978524,94000.71501547666,14,618.0421997497685
24.12687945014207,2757404.531801586,1187053.8493931422,20,584.1968196656933
21.472226931216642,2078307.181231963,117299.76323571714,25,646.8442770556953
8.066773409670056,502927.1119192868,375800.4117333322,24,442.67180589586917
10.242345486446206,994648.693646708,609800.240064712,14,459.1697428566859
21.427280116404567,1860930.4712046834,979519.2306296333,26,547.1652330554525
8.606128123750665,726028.2822795754,478537.65978185,38,511.2177102312367
5.06782592046622,458716.65016872605,237622.48923350684,23,483.7454987155229
14.363230299000403,1503894.91606402,1165752.4422873065,22,471.12469309467417
23.467714579858743,2852473.9140330236,1629237.1376006484,19,556.8656849029575
17.704715120199353,1859644.14036767,1375628.7721201137,3,435.4403880815473
14.68146808214476,1372581.4061774455,567844.4956121315,19,529.1621535253958
3.332235850498445,374011.2896029513,35026.72965276714,9,523.23014550702
15.760173440780074,1523487.200367515,643737.5984857965,28,560.4310525870178
24.76129240250232,2258141.197594212,229197.40792364645,20,630.0259954136735
4.362016365676577,374671.40380628227,177592.29087127355,7,441.1878994840265
13.43991165672968,1018824.7996661089,393260.7165859072,14,505.55410230221827
22.05695372627093,2094687.4353417272,1043280.690714564,9,511.175433760424
18.778446826100907,1960364.6684522638,15756.59734760089,19,633.8070697693174
17.72837778388643,1775143.0645152999,276695.7979590166,14,581.8312439157537
17.85961801569062,1750526.6449645604,688069.6100353047,38,605.4081966926415
9.627787629274124,898197.1295732444,682991.6565348052,36,491.8473153286682
8.04620426234784,912031.5227361706,279890.82976838097,17,526.1038144526215
20.424667731484327,1698937.0457968174,576785.0850098977,30,590.0579576632912
20.442721472300338,2300233.9846915207,1315174.5861273187,9,504.6579851466013
21.809735645922487,1919102.2409527032,926992.0268630406,33,579.1572484723292
22.91777326135531,2083115.2236828671,498158.09122139827,25,610.4964249315814
13.272217572662507,1063209.374533093,349427.0743833477,14,518.7977516905353
13.03639107249279,1227591.9901784495,213797.22347247854,11,547.2717117899808
20.159084295202604,2380829.520489543,1839945.9258588667,35,545.6697473587483
16.599134338666364,1816298.1324997009,189816.78661030869,14,593.7504242508105
17.84720505418488,2106652.006362183,626664.5665968882,30,614.7721947238603
20.099024066466427,2175320.740599426,44966.441748770194,4,594.8785940687752
22.360128203621592,1873839.8374560375,332463.39769267134,4,551.468874788874
9.11188376443686,921976.6820046719,575660.9524513155,28,496.0036851393621
10.013990863358657,900205.4820771259,144879.23757167085,8,527.8201821168643
3.255566556180856,394533.28298933135,25270.141637639306,2,508.97118691493876
14.878723383908175,1264772.0301031328,480060.08916867565,22,540.6783724290016
1.86261457112181,243230.67218869177,1939.8589325470302,16,556.1341493300247
12.174352435179044,1438502.270363823,97549.04447383256,29,630.9775061063397
14.023471232981839,1847211.5172889035,1193484.6463337545,30,534.6683215614801
7.876990051078826,763292.5468948386,471087.8834074953,12,443.0959666982565
15.179998253656258,1750195.5624426384,1281337.5219933118,35,528.5856112329222
1.7320059985371863,254478.11986559856,173964.38522135996,11,406.456655048904
1.896356529981146,214066.6205894888,116996.06727365477,21,462.25457470520865
20.742413455831798,1638634.753298301,68603.55096981348,21,620.172132963826
9.644575393870308,702479.0616881893,439947.81008573034,5,417.8433835896624
4.049452303645235,488236.6308711463,330247.4797199411,20,444.24773550035616
13.533838241315305,1045090.0696320685,668090.2522932437,37,524.95045946177
19.47984527436666,1845193.764277724,750593.876173058,3,501.4511049218248
6.179704659924236,724507.4610892884,134991.29584237045,33,590.7160042596545
15.949371419656007,1657238.643186618,1120730.80156429,9,458.0367496172684
3.048339159850432,342287.4195827911,199118.94541001925,9,424.3454472248895
2.2403613080465847,239506.2746862708,187918.76418784467,4,364.65846308523453
13.752511157635553,1709065.3612642218,212871.06066392694,35,648.4517988096196
13.975242918642557,1231891.500520848,222395.4254643261,17,564.1693267325052
16.298317635956955,1532323.5365267585,259634.63204499896,34,629.4052374800299
18.42619200934388,1677061.6314884878,1063310.428565237,24,512.2761024401256
24.42044990710083,2810149.854033225,420190.0094696355,32,678.5008267293101
13.391208359228688,1521982.212476174,81164.06022220854,1,553.213715727318
8.750955350589903,950325.3243951694,759166.0979574317,8,402.2432839221062
20.08446867444889,2410994.48963078,47867.32803380522,23,661.4690257540074
7.499974030289781,641468.2643498345,428626.04606289306,12,428.0196809485749
11.535314096935267,1466010.7166444198,428505.36417582456,12,536.1817340176724
2.882953152214383,384166.699012039,258656.50641012756,15,425.7081943992311
1.6084178419709803,216589.59737684383,96100.0231106954,19,476.9243053012906
24.1035619522702,3106571.7009877805,2240785.6497993167,26,558.0018713216936
21.06352289229294,1640937.4763469258,1215859.8253899522,29,504.44662122753675
17.70338094624875,1675070.5174827564,12192.076180913102,22,631.5471116943861
10.814870665942477,1004203.8891818192,60583.36033889744,21,591.1022074084267
5.159063681700299,647738.7348144428,129733.63739358174,38,599.8521526612408
4.754489024106065,440555.66310753115,235896.55766729263,20,470.531759906141
7.005829555950288,838186.1841807918,595629.9863262958,29,478.4038959253907
14.181439952946892,1717686.635736181,632028.9143616491,4,507.1167532224132
18.150302144801497,2018302.3548071522,980044.2159047882,7,504.61639558840363
16.84473704122555,1812169.3748039033,273274.9283129279,28,626.3267985448664
7.718413526702628,713469.1283141039,459455.18823306414,28,483.7440717114945
23.91676673591666,2095867.618338076,1621913.331915093,4,441.06220691696785
18.709526000698446,2265649.2610640293,486840.77910443564,22,613.6501411762256
14.304497260273617,1621672.6613947737,641956.5742874076,12,521.6947541997035
15.681297909624455,1564951.6403477008,107814.03871785084,3,557.8194879328883
11.070401498266957,1081643.7529028938,483829.337185745,22,519.8038850820408
6.945543748027779,487499.3166858652,196085.2674729794,2,445.05462197196573
9.543344287630278,849041.7290718198,98106.08179846527,24,582.8518316980603
19.18830665114486,2536984.098857812,897211.9626582761,34,632.7487698554205
1.3454437271141408,162702.65897360974,43487.772215949306,27,534.0513620250942
3.7857433721659897,391334.1668768025,163368.20067051912,1,435.1604266262418
2.104063408522066,258202.23085424813,120973.80473374247,8,440.6233955655621
1.9774912556552833,206525.14652805636,1403.6404933556519,23,575.9017132839688
21.53105401626417,2288760.569774637,1393408.3897100256,38,583.7894655190566
17.887788625120567,2052437.3857601609,1170733.751358675,6,486.01520873252787
12.380171898095805,1284338.3461169014,376348.5211724971,22,558.7677120516325
3.3480198556240355,528854.0413269785,22396.306765595265,25,587.6844119620682
12.798781002803977,995537.5528430521,601250.9545753592,18,473.03229574811405
12.363322498733577,1466673.283676825,1120743.9112840006,17,456.8389056705718
5.156844877840364,526317.8114684133,101116.84995116244,12,518.6284570952142
11.412439581711354,1285386.3401058177,332683.2953484796,6,517.6515154063067
10.564113625536962,1178341.6459683897,173275.50619376605,26,595.7236035216451
15.780402353253194,1458497.738652668,673168.0249963884,27,547.0301298109324
16.242247620823452,1696016.0037413433,210090.7866909702,8,567.066017006061
2.0872962345290684,188559.76289846082,53731.07641995637,19,507.55135956211774
9.99070275103531,1091473.272056238,608616.8599876883,1,435.1368486527674
16.020637977141675,1731714.1303659794,775968.6099368955,29,566.6500079331435
13.075270205922106,1502786.8347137359,464616.6830253851,35,603.2774630960798
21.555756188519734,2525703.7283647256,849140.7889032799,14,575.7882128453823
16.80864715885468,1843552.5986256616,829024.7827006553,35,588.8043627253097
4.9104262499543125,541950.3576102006,2542.713100586868,20,580.7396578424622
2.6936499376103162,259765.6487098599,16315.333527182183,13,536.8290469958168
16.418062676951575,1542406.990633911,1087406.8834161616,38,534.6949887832745
1.6362714529989235,208754.44501911764,13006.068117121857,8,519.8895395461582
15.05861395056312,1870299.7007270888,1057547.6435722704,20,521.7234126354027
23.565525794198983,2338384.614988203,1721122.4705236803,33,545.3292783420798
14.811380269021095,1543358.4896469282,334209.47096584516,26,596.4249628976002
10.316078228956526,969626.7330035381,287390.72137744224,39,596.5064393906192
16.438917242616476,1975074.5151376002,898929.735840124,21,550.9755556703494
11.998069371796399,1337562.6953568556,943472.8207600812,9,439.4290726721007
14.094802943582438,1867896.4529222858,1407505.6843451373,24,496.01096415522414
23.595155410636604,2122652.998461593,1255868.9169243025,37,577.5760002406608
10.266463307218583,1002434.2673452186,69464.4932079946,17,577.2382089570577
24.068573531773943,2538415.951251434,1358873.265804679,24,566.4719731644813
22.72841540694553,2535246.7822396853,832176.9524949067,21,598.7612757899615
5.6989872349431145,629462.416793697,237030.87098148192,39,566.8663367531781
2.664671221003971,309574.80767857376,12172.082791055724,39,621.5192498519147
3.4186720330582396,413065.85233869374,63136.99635100618,13,524.9526917981304
1.4373238156371935,181279.95702699324,114643.41824236246,11,413.76902107569606
3.2666310581422815,319766.16429413547,116128.53983292475,19,497.15723328410786
17.392162561992563,2114827.4793038964,510370.8784559724,11,569.327140511172
2.7085275630454957,344395.4881760385,105803.54915765762,13,491.33276769264825
8.655415127050272,884977.3917118534,604899.4022262701,1,401.69517353636525
21.27700746326691,2191104.811004216,1312908.2803787454,19,524.8043496553755
1.5585264576598208,192805.35119632463,42003.09263173224,12,500.14175049887973
20.54724358213446,1805140.0150130189,169685.81888401674,8,577.405306166541
7.764514594561598,795949.1573301466,160462.21773303553,8,515.5182508301544
3.83595586291975,283748.8621340413,209010.87623148705,12,400.0289223166043
17.721691968739616,2071153.3514819497,963647.7365576104,33,588.7919200033172
16.094628322717217,1284488.0366170655,548199.1567237187,26,544.0226880655174
22.05932832464927,2781399.306541475,1327046.9956883094,39,632.8329963108652
18.641705051293258,1827860.483780909,535238.88232393,28,598.549896831794
20.283542329236365,1973953.8901080955,1274553.633994605,5,464.82103235320176
7.768829741711356,719731.6065790863,301300.52232769044,8,469.0634643751235
5.258549050713348,553134.9068658627,51661.87225984201,25,578.4457318316272
19.0147540393806,2360070.7733151843,243682.26317067794,27,654.7524109599573
20.364033742414335,1322476.082846171,567986.7048855372,23,536.0015798734279
24.77212340801616,3011709.5027807397,2256541.940628301,30,560.6171452198953
10.902824245874235,1191563.5836688813,293936.9273091155,23,567.3262038785634
9.928434059026795,853085.883324156,593434.6368983883,20,454.9968483154913
19.633911057807925,1682702.2875134824,1028596.3131321892,18,499.05279764791857
9.179284966072428,1184749.8362854563,234876.60093076553,18,561.7400025863132
23.338175814485552,2006821.4944799182,58343.5158772162,2,580.458340048598
21.601906044232283,1794472.0639338098,146209.65766885242,4,567.4833201345712
11.29585665700044,1382289.7963671545,805591.7851781484,30,528.7325624390958
19.020905626995937,2064684.29734333,329803.97822974354,33,649.6402138072298
19.109028978032377,1714060.1924841611,509104.56437219755,36,617.1590604185035
3.4749728520623826,394788.7738353842,158452.15886552908,18,489.5196843923874
22.6612697603096,1991454.1019609526,1155789.2479217409,37,574.583257126412
13.126056938748572,1567347.3592011763,141978.12700344718,19,601.576898646587
20.834979186585798,2471202.548094253,803370.9569452519,28,617.8294770793763
8.681190424734682,977395.7492601564,379286.5595818629,20,521.484164507575
22.49255748390881,2437275.981537731,1054515.850546723,33,609.9587090260628
10.340840289619916,1331266.505750422,871564.8892111074,12,458.3129576067822
1.2601036355271606,156004.43465273912,21426.04780793579,15,523.7716661791949
22.729167434062326,1947971.5201661023,1258906.129002156,39,565.6658285143845
3.1908802428672054,344601.2857088329,191013.43761934477,2,408.92350299688894
8.663527302169957,1195440.613726134,531608.4378227597,29,545.8782942772118
23.801487209219317,2037856.9444594777,1140430.1828342646,10,499.5898185139676
23.814571526501346,2256335.9389761197,743720.3455138428,2,530.3305993267797
14.762509314958866,1590467.7592456427,176093.51875178344,11,574.4750966149257
16.164093092075184,1629339.464245873,867806.0639099987,13,497.65114012737615
11.762692527479675,1022951.227978656,429371.34432836104,10,486.9704800494467
8.037058520753549,966952.4107127261,494596.0037870442,14,478.37812834166493
8.887949088877983,1234100.966208995,333699.6977957777,18,549.2842336838014
17.14044294584892,1782470.995834173,1293170.6969597323,9,453.2001874589931
19.05698870650432,1725266.5828393174,810695.6848161317,39,592.0314843414803
19.997897049420366,1591150.408237504,108710.55819513673,28,633.9816188429604
19.950835427069293,2078286.087889137,747857.1009264231,3,520.1628050028569
3.188946473168569,411697.7337285429,249112.0589038528,20,455.45094059016026
12.866087312861955,1390311.9770061772,883275.8340247439,6,446.5509492030835
2.381410240399463,292055.15606923954,115559.69554904438,27,513.5466778005682
14.188693175769654,1297454.3976107037,928715.336421253,2,414.73856457141994
11.596732032961048,1027690.2685244502,220064.1984765821,29,585.2806607898904
22.304900386199193,2585775.7163337814,849372.9123815971,38,651.7352370952285
9.42196030124989,1077338.829241545,774474.6748739547,3,408.31804747862657
3.8096083942625407,324631.46186667413,232762.50246079516,16,417.58418383921435
4.4318003692680605,608867.7714854748,334006.72434673447,30,504.64066784747
19.276255161219332,2097614.666141915,1441448.1548593405,2,452.46769910612136
15.837233519590265,1950208.9603781565,138501.13652806965,17,614.8046357021291
3.426944226946966,297703.4686022507,206009.60379246104,12,409.5089425508458
3.0185633467599384,310013.9336711479,79517.31075432933,35,566.1013722988096
17.82325915501888,1744499.1362899859,248879.33552344822,1,544.2469234630848
2.7463121527406447,325343.26000092964,62301.89032112829,15,519.7145565853098
20.72464142296855,2682898.1511183055,897093.5499009074,26,618.4409647625102
17.949813451755908,2059091.1169535916,413781.7802646593,37,653.172923941429
2.9523707354055944,326489.79704519873,83729.63687823685,21,524.7687781191681
3.036105138044606,318868.0414305828,34432.260391143776,31,584.1581638857606
24.679349884028213,2973269.205778186,704490.6052028445,25,646.5424857416876
9.982499098146889,899797.3441766801,411951.5651521539,23,513.426483440347
9.895411529605383,1279256.6506479462,452195.4357511598,24,552.4736727313476
20.507189614180064,2039240.0124253638,565634.216776661,38,640.0945986992688
23.73396585721261,2995658.8947903593,1788892.7674768104,28,584.3940151744762
24.6640255317489,2759580.233259769,1972569.9642220016,21,530.4216139074599
19.0810764462146,1904897.3235188879,1153284.6121397722,18,509.109617276372
10.030230052741977,996878.0288045643,264771.3643910427,36,594.7550088133539
3.0040172007680503,355040.3231654308,211445.59027761518,35,500.0908660726086
19.651525982258484,2109408.747358553,256470.66106873014,9,587.059520698494
14.401701993659321,1532837.972346969,159805.08850095267,38,654.4626407992722
11.18132822192743,1078538.818359627,298217.7408944943,30,577.8412268085997
22.752505242273664,2286722.5812543095,1477592.9969805179,34,564.2365242031233
3.668739575347632,435198.1374144219,85768.23868412583,32,573.9922059378085
12.82300250298062,878848.8109851422,44472.14656108926,3,534.033407015617
1.2724874744180577,141993.94525050107,14961.565224848104,3,493.6062321770032
12.247855407859031,1100793.282280773,756240.5540398204,28,490.6325363264981
2.3512786163640964,224450.7743781474,113802.5192395637,15,452.5727054155599
3.851629990433726,333677.6076705662,67590.04676215841,23,541.8349181676264
3.820629922650517,301256.0019344666,133828.96018341425,11,456.20290802486966
16.581047250785524,1384983.6386525903,584551.3161164973,32,566.9866059580476
18.905077102370157,1761446.2721690044,923612.2086957975,36,573.5880943362544
15.000850362331832,2005593.256846584,374143.50938283163,33,641.9137215664048
24.092141163389005,2267170.605539533,1567799.2351261629,24,524.3823462704777
9.996893908568897,1104343.625175865,273319.3594903088,39,611.6747750742326
7.857090070764658,900908.2819581399,500279.16466919496,34,526.9752666421276
21.846379076547045,2283587.4037818494,29457.631476821298,28,672.7635527317196
6.366300124466863,703234.5877418007,209652.30648812265,37,579.5042427266085
24.11734094657467,1993324.486236906,560857.4337497738,7,544.459408576067
1.2917073925555922,165283.3468581815,71863.14025720557,4,431.65382530104495
24.27709184098334,3159811.3674830403,183866.29343344612,37,725.7546528149702
2.0358378868138267,154199.48388030802,97470.28002096375,1,382.74695955903496
22.387434728753707,1896862.874292674,330480.2540852745,1,544.029586688896
13.664826618071196,1349129.2645892457,730729.2234327011,20,505.63912020244817
24.831155106863207,2161856.6968086194,1389143.6060744906,19,514.9603281532899
2.7711175536495727,356143.1057658108,160086.88340327446,29,511.34541123199034
14.292502825631699,1293117.7949022867,766439.4068451751,10,463.1833987205738
24.263260854858373,3250295.8875646205,1720993.4807477347,18,578.114185548184
13.554348260083572,1653491.4800326482,470292.39239086426,28,593.2548916569847
16.1055673152463,1731911.1119219356,1120696.8733801397,35,544.8590782315069
17.697968535630814,2104430.412184447,496142.8202396183,31,630.0249973056934
11.908985554426557,1442450.8381172365,659157.2415632544,27,547.3039666844468
16.061393922017523,1492272.6508462166,889869.3280988175,11,473.4272677712023
15.023543486154406,1394417.2196025604,422738.1168901724,38,609.1437432141012
22.627792251783735,2299302.300100302,556923.4052724888,5,558.5292747852241
2.090713128194989,252092.82217772244,92638.26564843496,8,460.5883512594572
7.743116550213528,858463.0681357413,561753.1607856053,34,505.464363629565
23.80987561783741,1841766.2104227191,1370158.7853587235,12,460.8831663136024
22.366330813381992,2043289.5248610894,891010.5821377168,38,608.5182349368612
11.93576206685711,1182332.3691967125,625658.3245470979,1,444.45870191608424
15.883182347236882,1632291.0758598726,1179524.3781121613,31,513.7678634761686
7.657148391547184,1000275.5614986944,78859.2057048075,4,536.243526233877
5.5149078333702715,446836.8469296325,82961.00797890431,5,495.74090141859887
12.128761718559572,1364858.7434813748,774038.697429179,30,531.1703487390018
9.480453472625268,1207807.360347268,795939.6993143802,24,488.5131805079228
15.00774668442093,2018114.804227559,1383666.3757813596,3,452.5999476362099
2.865631287159636,291180.32009112317,96696.8325029934,11,478.2300645068557
24.385475383987995,2626303.6507329266,187706.96923620228,4,602.7577616626183
24.669057867510467,2729737.5550862495,956022.8316047288,26,617.1444658355108
17.75588113647388,1881652.369494573,347329.8307099696,27,619.3485603466543
13.866312792258888,1420072.002049919,330815.9462695162,27,591.2114472825369
8.428662790871865,909986.62223541,562202.5164068437,6,430.8366557954155
20.531080472966767,1303261.8250016705,78745.2543769244,15,585.0461392359249
17.4335481412931,1981718.183490022,1312026.1975970545,30,536.8557325426885
4.902806544277391,573560.0422049955,196235.11913206583,37,565.5153479563328
22.86225242785222,2283931.084050146,1089095.152257419,37,606.9870143859106
20.740893830156054,2784895.655311297,199737.68740576497,37,708.0514692147433
23.795197919006178,2208616.9635097464,596077.5866031212,35,639.3672260032251
18.41726820132064,1776373.4411902148,127473.86415066112,23,625.7027906052333
15.721964702458957,2053863.4310508217,1579903.5918255812,6,446.3075415810553
11.037832870974853,974020.9827774157,629031.8280282175,4,421.7989754188966
23.38548360049632,2181577.6811372098,802179.6467389403,18,567.7218665484547
21.7855333480098,2148507.9258236093,384329.47784621123,9,577.163909301157
2.0852480825485458,292821.9077567509,218668.88377963234,29,449.36005947029366
1.6328073879340481,194370.26083197046,53583.46415460847,13,491.6393551169633
10.035120805073191,842937.3077917297,108559.82675434984,17,558.9599832416892
20.45327993876399,1946059.104932646,876760.9485797156,32,583.7360620446731
24.694627103558666,2288486.841637835,1727851.7247099474,22,506.5356144103428
4.610005386484676,463660.6971320444,1420.76413087825,4,529.9335814052301
15.259137168451243,1633383.8188353397,311159.41266702657,5,542.2353778327738
10.141380559144515,1151755.8117517207,864690.0190939008,37,506.9186100044036
24.277945547550477,1807025.8049060968,247325.40557456086,13,583.907277499098
21.21085415525701,2527591.8722800026,228986.5823629938,34,684.9847226288289
21.119888913067307,2236002.280861985,1019951.9320373661,22,564.2101367065106
12.248635835079288,1525243.016302545,1051617.0180991394,23,492.114708924929
10.955668056103963,1174564.1469834947,448316.8688296937,3,479.6449950483116
7.56176972633695,949096.2316445872,755149.750518146,34,480.83356819625953
2.3530119196222508,315767.9921455154,171568.54710813542,32,499.96324775974176
21.753337030121276,2656607.2419117517,157430.3479513732,21,657.4123045227984
20.50962421912186,2253629.8863060162,1789980.931234728,21,494.2920543831246
24.993224158867136,2484614.1503429404,810767.8340379162,11,567.1214881288871
24.91928408977373,3419340.1045915936,786181.6081112811,39,707.7891987683865
14.330360934463059,1632139.4361424143,728429.2928963206,4,488.0249080732349
19.455697964332252,2115008.768889963,514890.58011273254,1,538.9111360642603
23.67437751717827,1970202.0629582694,136271.00710908268,28,648.9748813791064
21.391537376257876,1773770.5293594524,2026.8422877265598,24,642.7222862817098
6.936354441836744,794091.1192049099,285608.1183170777,35,564.8303083009545
11.813059247442244,1233091.682709149,825543.4604089007,13,454.4255197521112
4.09982596363588,440215.6618104516,201553.68656505249,34,528.0381967716058
23.89722465420934,2462258.8940957286,1968245.6470950854,11,471.6171879328786
15.548191226821121,1997323.2516616005,458340.3800098307,36,641.997466762912
6.487427332083105,750413.328511248,168365.7749155446,17,536.143722778841
17.12081642574056,1489056.6840387895,190300.80122635476,35,639.0023537241204
15.8350777709895,1593021.512849545,209085.4604655753,18,591.4706863915281
9.595905232788173,887724.7922913348,202533.769365834,22,555.8791363300458
3.7253822127910965,398873.2656917739,252994.15842357255,24,461.1005233839066
17.11775669422719,1643573.0844851832,1190941.9857437976,19,477.82183687757566
13.48738482169104,1326105.6354546885,1034454.8726471347,37,508.0302782649585
19.535641401655344,1663766.0221044514,309180.50701765926,39,646.3842962287456
13.483924026687841,1364573.1122601496,962075.9477166819,21,476.5753171921513
21.452356007644962,1980840.2816707005,520176.72280316905,8,550.712796982454
14.245764130587652,854592.8870022958,77146.18136767627,28,600.1292283573903
14.46251131684927,1901618.098747881,1323564.1157847394,5,451.86073586668874
22.03968646380028,2597910.773533563,1322036.5450768492,17,553.1395293983635
10.683588789097529,1082055.2458176836,142598.34420220845,37,627.9252664597375
4.216365482815378,494826.7681577224,170153.60960666303,36,559.0200695242285
1.6907842315201354,177363.20272346528,40759.15581628535,19,518.1332969286078
19.123294136166855,2452746.5241037533,1445736.2539059678,27,561.2227299705186
15.887429232483152,2108888.5213252874,764963.4273168786,34,613.8089439531286
17.897914434381367,1853858.8075465441,1467188.2714917068,11,448.86956108484014
6.111139876213858,728938.0716345045,31924.561439979545,12,556.398325703845
4.272915414082474,480526.32510212186,136475.34495328192,21,525.4186104222854
1.3490719760291663,129857.11516442454,50062.532398524614,11,461.0902578689806
9.414101411358327,961255.9367509661,386912.09318435175,39,574.9488687103075
15.158024484511195,1601798.9587089359,404852.53705293144,28,597.5222267666555
10.413857082393577,980381.7835375237,571947.0848300974,5,437.53683148589005
11.499398128569498,1146224.0965168192,802124.9391925054,17,456.8894321024368
22.69980866784996,2278859.5797682507,1711367.579220495,20,500.9592948742719
9.358131208559207,948460.0469312783,610879.121554672,12,445.1234615893269
13.335747739835458,1356028.364681631,922728.6991873977,6,436.14830301820933
19.807672305787435,1699645.4665631165,748585.4594691229,17,530.8985705633254
10.517026775710484,976589.5069861185,645243.0206974422,19,463.92146405115443
15.930080805468965,1338055.1132363786,324883.96601811744,26,582.9615790657828
21.696729009921885,2551903.886040628,813503.6012249306,32,634.3195535041508
23.78849496778341,1639496.9215798848,415662.32845128555,6,532.8737946522283
4.5297635422969105,603358.7264282329,225601.78197163646,36,557.3523753854613
23.238103003875864,2883052.251781914,658672.7645278523,38,683.6293514730947
12.810791033908917,1245011.5180758173,957773.857216228,11,428.9426299623212
7.197865319175,504731.07943454525,126321.92543087971,33,569.1341026964749
12.019258149718272,1184785.5412242576,92929.40091988175,24,603.70429555122
24.52078180685145,2474470.4934688616,1042874.8262757069,23,583.6880731706883
12.82283425582887,1117902.4234821247,51064.958537966886,15,580.5802443880568
8.890038646900198,874299.193201783,77318.24089404999,27,598.2850611186984
16.20162050360142,2014036.6789863955,353486.62145732937,11,578.4591648880564
6.763494850676634,777807.9566422062,288940.25522170117,17,507.81627828454555
2.820719874607934,270952.9418691596,93912.49174134979,14,483.5179685053219
4.093113325855581,365224.01582885504,233653.3386130512,27,467.6582627127076
4.073100134986539,423330.3992911644,250433.68039556584,18,452.61727135018845
4.645664644295064,505691.7352358051,172468.51028074068,28,536.0167423709199
4.331852143585843,473427.13705996436,126387.70209391562,4,477.5444122702978
16.38099387527715,1520564.09067915,384968.85509184713,7,531.1875581773262
5.365122025579476,647676.0671256747,401038.47529054165,35,507.06782871798555
9.296014799772717,1217439.7889208696,50716.01539089953,9,567.3660065614316
22.522921837744285,2543804.1705811187,26092.612399046768,8,623.7007029015479
12.375079366308936,1262581.450208509,803551.6736511951,17,474.2161553000767
17.021385724504654,1689376.4502491227,644863.8807340907,17,542.231637851717
5.135676908839116,552091.321195749,57806.67256291811,33,600.1426706792578
5.614936451408099,724932.0005710787,136615.42738559016,32,587.3067304877229
1.9808467903954927,195445.50164978066,145802.96232281718,8,382.61718757041
5.054441513731949,546872.7844391889,376031.02841100504,19,441.3544352775839
7.686168136767007,850519.5489083165,482948.84859068797,38,534.455173920497
5.248251622641924,491322.8167021045,189542.60676332517,3,451.49687581411195
3.1288608101693347,258472.27602570129,107591.38554530693,5,442.08711085040636
3.8952609064144195,434397.1400070995,338914.74954792357,13,400.3367599548506
12.058690432785419,1256834.6231019255,971050.9854738299,31,488.75011390259107
5.95200924173902,671862.4626315769,115704.95298401626,16,540.4314511795296
9.742476665153811,960268.8385053435,623102.7518339106,32,504.63402293136284
13.082014500516564,1591763.4790558328,251170.9380130071,22,598.1117125755106
17.569475887104765,1583880.7515987689,270574.32077227073,29,616.1892336025185
1.9434913561863745,288259.16802011203,155912.01242597928,22,469.3554812544722
20.185849573817023,1495422.0419251441,484518.0558653746,3,504.016705902998
16.069609347781785,1731759.7111812653,1290568.8587226486,10,450.2232833102073
2.962216766772926,359346.6077655725,25588.27703439494,21,563.1323067272615
21.965886978562654,1966461.9482654736,804716.5665711844,16,544.8143754011
23.100937612763516,2481152.229502786,1823193.3944842091,12,488.28264430921206
2.46587103651673,297914.0240783329,215478.5110541128,2,373.2583752864125
7.645063555532889,558290.5417838218,69911.0234902957,24,569.2869475248343
20.348830715033472,2258337.1062107375,662393.2181308734,35,636.6714522329964
18.9582325692078,1246803.1358732232,617538.002451553,30,540.8127014274576
5.428504464553056,524218.7109974933,66846.22482756674,30,585.4655668764753
6.024383760081047,819659.2268757976,634758.6441101125,35,482.9028215477137
9.891330466993168,940814.0714187159,688487.232230246,19,448.27267026032297
12.628551644584512,1056489.108132225,141104.8366005133,8,539.5475356797739
15.838114516727103,1588787.045390106,153992.18186377318,26,622.1666080138466
9.853927349674539,1305047.7173003813,89169.7164216124,7,559.5365514426928
12.10083318719555,937610.0988387408,682162.8509805219,30,481.99341770768865
18.93930251521016,1609264.1047143699,249273.47753750216,7,554.3907546213011
1.8803968693743496,236276.17467472894,78686.56839296242,3,451.8454584198924
7.058486664256498,904537.1746959367,324802.19691622054,1,467.36526848351696
18.12039006122926,1855925.7941931693,889376.038370036,36,586.395264693556
22.484964104492782,1880595.5773509834,107924.13615292792,25,638.7461680944514
13.280258610775988,1819526.0167536987,330074.5631066694,37,647.4996618860654
13.770723646367575,1708421.7478392306,1273102.7479323784,1,422.298408006541
3.5721282721546253,423592.11316965794,307836.28557005525,15,416.5980673638152
11.737896803762911,1104751.2563518607,690505.4594379177,37,530.1835466691637
13.782814394920557,1394145.0049219164,21638.519734318616,13,591.6616008979622
6.819292087233512,681526.075246694,178290.91160980222,8,498.93996005049144
7.461837542785143,793215.1345664138,398485.0982057437,5,446.2552077277913
10.054819914510944,1242325.363792699,273500.6239629385,9,532.6625806679518
1.4817087466654328,169716.47349384215,123497.47697715671,1,364.2547877311493
8.729899973996279,803909.216602826,407671.6645396043,36,538.7340547709224
6.0747521679170715,802903.3387000022,46187.31472666515,35,625.6110587773687
8.859936452269952,931608.608152193,677469.9451342352,2,397.8234501123752
3.874291163662029,473357.5104924622,362692.8327575854,23,434.6916351115029
22.37265473775748,2747421.658327563,170807.0251283519,9,624.4628793904265
15.246218885297168,1338410.9516398641,570013.4148447632,34,570.3588004877842
17.29845565946775,1748549.658175847,424358.0095746792,14,563.4037011727667
19.940109726576118,1843052.0416257465,579218.2895515373,4,522.8678294280055
12.962612774297375,1051407.9581965655,151109.37620636178,30,603.3121234550078
3.0860869140981686,386658.34828292404,178813.12332204593,31,515.974797609331
13.890557003645146,1988359.4920794424,1523845.8721988455,38,540.2576831633552
15.0841868325011,1114077.53598333,448369.50634505675,11,497.07148539587575
18.890547380423918,1949907.761854906,129340.62866563936,35,669.7299774510793
11.359829109512305,1261129.7851475533,625521.7187836485,8,475.2449780495168
4.06192726709353,419691.7472587342,114231.02639907737,3,471.35199077814826
7.810621739169387,795808.1675225986,544921.8053320668,14,436.88429636629627
9.713975113567242,808089.1800319431,281006.9667606878,13,501.7750634706425
16.50201379195843,1771823.129834598,273342.1435777036,32,636.0185877626246
14.698679312053885,1371016.4660093142,209607.16436521837,34,626.2637590097894
9.54632142154831,679046.6948985754,417621.4208600921,19,461.1595988805574
24.67636597103151,2985809.519396311,634395.1834077751,38,690.9383650466748
15.538595664565293,1809239.1126342055,1110486.9321855698,16,497.61222143989255
6.6934430016638675,678531.1472258314,111760.76253896157,2,500.19927616637733
3.44277934288969,390107.7383569713,100393.87340346769,17,515.1344905420693
4.668619340423969,610095.6618213425,227193.26601584916,34,551.9259108825017
6.902985481228195,745527.7490268619,562542.9429707493,16,426.90977401012236
4.856352958229336,627488.720718279,467720.76781743753,38,490.0225208681192
5.477608577231338,527318.4918969299,87269.8922908563,2,493.99323960831117
7.84228404865233,942562.6420418788,270115.10875502357,2,486.3874590827835
5.160966287074116,592930.0934611092,70866.71468714223,26,577.8133015858408
22.522370191034206,2343794.6647561383,956240.2464001686,13,551.154173900086
2.925609895879413,298825.44024533173,110107.02678452125,31,531.2598094986666
13.588273349686112,1485315.853781776,1070330.6797944969,34,517.2910081591539
10.849523847751875,1027557.6640110302,764507.3228165522,39,509.3014461138696
24.57708680580655,2228401.7309325896,683793.7904399578,3,536.7652866761368
3.6889336520332563,339775.3662881791,133664.3517656583,8,458.91294376848884
10.548534377097798,932145.2002117573,668337.8543178854,23,462.888008145089
24.267290398608854,3228165.709875968,2083349.1862814578,14,542.0533791558289
21.772171021455527,2666009.2283228883,7798.207829165312,27,687.0553593177716
20.60972970278272,2712646.7975162906,694566.8414376439,29,644.2963416312784
7.189667849078556,665083.6498344017,224412.12178641325,39,576.1194672835959
5.10130209736158,593582.5132941377,109084.45521062543,39,603.9886951424485
17.047437278186344,1375978.8761757954,219685.06220566505,1,526.1076965036816
23.305023739062058,2121304.5894828844,64121.95780220928,17,629.8066625240067
14.362309432334314,1298434.5857233636,668298.801950327,30,538.9982274177728
14.718704547277596,1771546.5160129194,372039.35241839325,13,567.8602141632102
7.71949824784682,768069.4101969104,32165.013170568862,21,585.3472278588663
19.467830396606487,2296768.454674567,424404.7952826702,19,611.9140485024925
5.489049965380561,636645.742759279,408428.0833059082,19,454.1595972565909
8.768301673701849,1229815.1602554577,837739.4435059491,25,487.95433734677084
11.210474526794002,916268.3760195939,354094.6591945203,22,525.3601358098554
13.18264908842692,1629265.3576515769,542311.6237053915,31,591.5993070406732
6.817833577961926,833027.0037166822,651662.8258968642,17,427.8644891883822
3.756083793740885,366766.9921938333,58848.39754999717,23,551.5803341536622
15.654881018599182,1865986.3901452,321485.99263850396,32,636.1819703490706
7.9271332777661385,852683.3166149942,199096.21802116244,10,517.4085843387758
14.949717314142696,1463961.1446845413,202328.0011387298,10,560.9172748624077
4.7047051665808555,484324.91352078837,146988.96843440385,36,566.6745008281616
12.54736244451562,1135392.340582416,827323.3638915777,8,423.682217304936
13.78214638123806,1841976.793496116,906765.1538926243,20,535.2234172392727
2.243764883738246,288399.4696518058,95044.13291573494,32,541.62453100811
9.078502676654093,1042358.8073513316,779193.0571243693,14,434.18862516265887
4.225952246535382,428460.6793724166,16612.014377482854,28,593.3841499787651
2.520999291346426,270609.79826295504,45522.23526522236,24,549.1802034662204
24.759045577358684,2907738.225829304,1316364.7428924867,15,570.7673522168907
8.736492279393351,740790.7956492418,364796.5739994025,22,497.143212115061
20.436986700511238,1976412.896262886,62545.57289148189,30,662.7273148004973
7.111375714330332,722767.2970038423,233042.58691225914,4,476.42449061501253
17.356065333374303,1790601.3856456878,929900.7911388424,13,506.7594210528879
19.245468637352477,1918845.8507361647,1071591.8171898357,23,534.0625466049023
15.295329774588263,1636345.8887063384,835374.0847215686,8,487.35145114565046
12.317828525203801,1395800.0284133442,357953.7261370014,18,558.5418852387859
10.884181939534445,1232357.1245193298,92200.15248144968,12,570.3310652051077
9.372838397031888,860687.1428558575,294088.1529494658,31,559.0894942871408
23.30869946194782,2259520.659521742,232738.6489905756,14,611.7801164019808
20.934865786905497,2536669.581099142,1923046.4871194055,34,551.8469978806589
24.1606458559963,2776293.393575161,1055370.9889264088,18,589.0243971793859
3.9831333636530735,384289.1020932971,97535.39459556915,34,566.6100961866331
18.54081940488746,1973832.8208419164,1210044.9010554105,11,489.3446614546526
23.520170963704906,1678094.155320291,668483.6982898094,12,523.4519913996494
5.349593587975844,568725.5985643008,141059.42870542358,15,518.14358010058
2.59591041680266,395487.5391917968,256898.49947300556,31,478.9046627851436
18.786895582961417,1669570.1357484115,1158217.0675691764,29,515.0384612697569
14.787354716317886,1345674.0093065489,724519.6779405861,26,524.1456537660737
21.20389064219853,2399395.123257659,90148.96487325571,18,642.4614973450796
4.354537039030948,398680.90877529274,180625.69642002738,32,521.3355755243666
20.086415484637364,1861994.842009761,1137000.9512569862,22,518.3526077608253
5.839055681145869,712145.3633075744,77767.98970627268,38,620.6453325989298
4.927742628776908,479890.3017203563,87789.50070126231,17,533.6082918472778
4.942379150343831,522744.11786090693,369055.3001723291,23,448.71054790353446
20.54979328555317,2332372.266250865,37545.076799459086,24,662.0754151535427
16.964733296708804,1819744.582862929,1095816.9051461897,8,476.353441262361
13.553570194458864,1421602.1473963263,538813.7040140252,6,499.0603590935454
9.61193161896406,922298.8595142433,329645.9620483886,5,480.4084089662326
22.0528129795146,2385694.626441713,13544.12755153707,29,681.2923398584866
10.41868257814325,1078531.2850367904,706997.3016009314,28,496.03753444683275
20.59838654731785,2223289.508483514,639995.9411811209,11,564.35959623749
11.539237805685243,1069910.5284020677,462856.6738611533,1,459.27392012799584
10.046666306197782,1015153.4871679378,550051.3228759058,19,489.238029673012
12.104314856070555,1048690.0733780032,589472.5296577866,9,456.5268707050536
8.23306897993941,872983.5969738788,667643.9283114279,27,462.9625344667836
18.942625124230027,1731825.2323957826,736150.350396124,34,586.2586167779739
13.065289362219499,1096198.8477071517,350537.6889473501,4,491.89282575237763
6.573104683523615,754813.5703885693,575894.7515237861,36,485.5999625768695
22.589789758589642,2367065.178007675,1215933.4222169882,18,545.9449695162236
10.213389312957073,1171275.8448644853,279373.048355576,15,544.1469767903305
14.045268666735726,1339697.7498668465,135539.09200461837,13,572.3536307301025
22.755330663149127,2452813.7281820583,1653303.3983483098,19,520.3038288928533
15.98171190193581,1742211.5119390313,504797.56624040037,6,529.739404030497
3.8055529770007377,429944.45202735596,227172.23394615267,12,447.52262266278524
23.555970966723404,2137860.983962508,805232.042857027,37,621.1838122599567
16.06499327371403,1676492.1774417805,266803.3757492782,17,586.2309223304651
9.037734751770067,999138.5262996026,480934.6171450058,23,512.6956836727097
4.342529743921294,486720.56498308183,23628.55808366673,26,587.7595315672141
20.056604542487104,1435945.59503846,474829.82759552,29,578.3030302221476
15.881746142284324,1692407.4462246946,740076.1552835673,33,579.2379075028005
13.803066207431716,1892402.3070851392,660141.0398555944,27,586.9285764244329
22.45342199322298,2174080.4947893186,1302138.8585637358,25,542.1756717514141
19.92633306938874,1795014.705657988,1188909.974872046,10,469.3325954990695
4.640197113586028,536005.8749956178,330712.6549851709,23,467.0413431545162
8.481329627093157,929873.7012786428,28872.911551436184,21,593.9848764012573
6.963739355547178,862962.3877370482,134020.66181801082,21,566.4578922381264
18.854711021744247,1555719.9934276787,667848.8246280657,13,515.3715982549032
1.8047784336587052,274277.53296563856,205120.54641186417,37,472.3995748476173
14.677352436911598,1663722.733883893,1111309.2547716694,33,531.955825347017
19.299008457776573,1936751.5374977686,1305424.003556223,24,514.6645401636224
22.042375282281988,2338219.6227028905,567173.8787305376,11,578.0154739065676
9.20996196918178,1097215.160734336,376957.394736185,17,526.176942896781
20.710175312128307,2350004.5979306563,884928.9123726066,4,530.6872323466763
3.6551616869249735,352847.3627388888,44422.5185240473,25,563.9344411735699
21.314855001628437,2453708.7925992184,60985.71548035213,30,683.1774508648557
4.059727895967578,420033.5175807316,318184.7645342358,9,392.29687678954656
10.534894973448814,1107005.3118780556,213176.08877232275,21,568.7661987689612
20.13508877870929,2075616.2965532313,398433.48392708116,20,604.6328272663483
4.598018256370571,487439.5255562659,32513.797128299626,19,563.1569324192491
6.502033485583396,804431.1793265033,597536.4687279473,19,440.61600686205554
18.334061641433593,1834382.8105978013,850767.8386488637,12,516.6173740335486
18.280876877105783,1595093.413742381,851188.8780192557,37,568.0778394096386
16.387543189247136,1576019.5062602817,1149330.3646260805,17,468.1884782883228
17.6547626672104,1886798.4589486397,521692.48165086255,37,631.1727113338193
14.025386640342308,1739141.8532410974,864711.5015164632,39,587.1245043475504
7.043177413766866,824033.2843276036,25577.633688292248,28,610.7534186164821
9.296703844094067,881062.7654774277,131646.65619082382,35,610.3589061021164
5.358345203234216,771582.1023608572,513099.50869595294,18,451.8639552800435
22.80281347200708,2398845.6776240612,1471487.1658728982,14,515.2708900908287
15.001403074386891,1857130.065509634,520951.26764502854,35,623.1823719872418
10.620434002327357,1051874.3032976242,317085.9332521122,7,502.78527168803095
12.088139287459185,1331523.741349721,568352.3164631947,13,506.89224028541616
23.73480015068357,2708349.27288142,522.1798909961378,18,662.2954101656353
4.680433674785925,627568.5607487038,121117.88860492944,37,597.5036486638637
15.069515968403135,1771962.0252760213,295183.0858466404,13,576.5613916337265
13.141328293227183,1558060.2360376217,312214.01530906843,36,630.2451379615427
15.674901650431547,1555405.8622008003,1002808.537486712,31,526.2712996826814
1.4346444117001722,135160.6572099579,30240.721804208595,2,466.6586092409674
21.930973814659637,2334513.4804581506,357687.2864969902,16,610.7371276903023
23.370838779606697,2682203.6640517944,1082029.8417492062,9,553.6059928351867
14.563196406141014,1425666.760977255,987297.0841292406,9,445.5234646194531
17.719619773045416,2131078.610685036,411468.1532346113,38,660.6271918134014
23.139985148255096,2840201.463575362,178447.0013790535,11,634.0422596961666
17.973727223521568,1594327.1886226733,454580.60841520195,22,572.7483298089605
4.660937029942272,473581.1825024858,283259.0681420986,33,498.31895536970296
14.830920644003516,1523863.6940150163,671341.8621582009,36,580.8440606094335
15.561161113188541,1673918.2656711026,1093796.272487638,23,505.2697914949485
11.179136111257264,1097950.520430062,842867.7582945274,34,492.38327719972506
18.674661654993347,2264245.0782516277,1435825.6893596756,9,490.74380684980633
23.424808354456356,2539486.109853818,1226679.6254485452,24,576.9709517791522
23.213644309762632,2351100.077180222,927916.3565969322,8,539.109348998828
11.82014491369917,941424.6115436153,30177.619240259624,7,552.245930646022
3.717713100178126,370393.9245455008,291669.5045994608,36,465.3242403715734
24.63618877509603,2603463.831571965,798703.386171791,18,596.7815736508718
21.133554074702417,1443315.5326979854,175770.67652886838,3,542.3761070812208
3.9919043488784043,515825.7100787674,275124.4550005436,28,497.9596115397176
23.100205182816936,2267219.7244499153,515635.21317387617,6,563.2026627227231
21.877512689491077,3294013.382881729,1543649.1710785523,21,601.0360119663015
13.452113371025732,1866906.6029143813,876352.7052266597,28,564.7933988614407
15.190610457878302,1479716.213854576,527642.9143907775,1,490.87187720972395
10.576064892883126,1112737.0836990247,744304.1519104455,36,518.7305048607541
2.314279331728752,307988.73898646695,65285.49692912838,21,532.9248197105878
9.044733799501621,1205544.5230198281,432677.2509383605,35,581.4405662619556
20.268482766352275,1554842.820813835,668821.3967582252,13,515.1629722579979
1.1111685521104686,101342.39162058939,53802.653072883164,10,427.8737403420556
9.00398012058746,836386.176705869,524562.5749515161,10,438.01995098734045
10.556048646182639,1173875.958757397,370763.8221704926,13,522.7858730897749
13.89749447051015,1567328.916700343,810054.4456227878,37,570.3256456125583
23.07653479390625,2753952.7524275635,331820.3589990295,38,700.0603576061394
9.31230386478307,811651.1675288025,605587.9357590582,24,455.24235061435553
9.326876845509464,612651.8560550475,187745.35098564718,2,469.2166652148413
18.700029954633962,2154676.3627681653,1257506.0512525218,22,535.4636269944965
11.853230581355373,1072071.0372843964,17445.667802330427,17,590.6282683902274
6.390515750559567,517563.8977106227,84957.96595353477,36,595.8726130436557
11.85854838718464,1239658.5204787478,483052.82099775266,14,513.6531337273774
4.380568489115197,510175.25530366466,358450.14155713876,10,409.88661537497114
5.233287676149359,583747.3663351897,246227.04413629865,35,543.9890706612993
12.960826545747514,1257071.2518113262,935130.7609596547,25,476.5035729054324
11.054210788109149,1084996.7232238483,419934.43799856084,3,474.9923654757065
22.956301625634403,2244022.0174994427,880462.8572305486,38,625.2890252222257
9.697453578799195,807655.9935288081,77371.36915062492,17,564.1467535810672
14.934120406673042,1357315.1314298385,871565.9724195607,12,461.86760619283837
16.17434291006873,1791904.6900441956,354030.7847027429,24,604.1617216070379
1.3142669581200073,195768.26798301132,140892.46312024264,29,450.89273241975
16.924896928401054,1785155.6162470381,1300770.3778693092,25,500.6743493970181
5.272863204874034,520577.0932871394,392852.5088862489,36,477.8934658316216
24.065687619266924,2393048.785898701,995949.5522685095,26,590.4850731794536
4.567905466074711,383621.13672277343,207797.98990930125,38,521.0098399035278
10.95097896944857,1126415.3098360507,701545.7650015556,1,423.4940715835759
3.0483920338874526,410174.9801996087,42991.13488865121,20,555.4446602239099
24.924982044302737,1997357.4505990855,960261.0647355029,28,567.7411468243638
13.052680247949823,1222549.1262713545,33544.69541704387,16,591.4143008423243
15.28924041568105,1638400.9315000477,652170.1876055351,17,536.9254639178057
2.6098354573222595,366029.24267883407,45341.55959024933,28,573.866340647917
18.999051289580265,1796167.4918429418,262848.1705007118,12,578.5790315197842
6.037734234294058,595079.0707537553,173785.73341468227,27,546.395552159334
22.55330294657713,1649244.493016165,570555.6926261648,30,586.7798330460062
5.923351371568172,669525.6429334615,333783.93455465336,34,529.0734377921885
5.576505295927998,802465.2473810387,47780.975371554356,37,631.190062945079
1.8771920283542771,207529.0292423781,83624.52979759248,6,445.71047937170397
12.329606682639982,1242840.3025046096,181579.09770296633,7,541.4935912596882
14.556187198302794,1589943.075962072,730070.2842526691,32,567.7616950334042
2.577007346280457,321271.97199313785,163824.18939093748,32,506.86614091793615
19.612662800680255,1772085.6290393558,789229.178472397,25,556.8099441131176
11.878932033952662,1400588.4958440724,827238.5588073957,33,536.8962581572337
13.58536646386192,1418542.4417598844,380860.7654421421,7,524.0442185918512
11.578305926517476,1184889.5669404783,725253.4544187887,12,460.9785280163182
10.618313461007823,938480.2128479067,324914.6743640585,16,516.2964754406053
14.43136795139723,1757307.8340394534,680688.9696182095,16,540.8227936299627
4.7257659023371,591695.0337699861,306783.0480609116,36,527.9714609890281
5.366275131886507,518120.6330966605,7609.486032247616,13,556.7874838839906
21.682854904324415,2508121.8345614136,1312237.7491368933,7,516.6857979552168
23.706771091207187,2265740.1396118463,1121242.5616163756,36,599.6559817329354
9.95942359071407,897117.7986013789,222375.49062774953,9,513.3091732635304
7.4978721554452905,728344.8627801227,49990.26132994993,32,611.4067089272866
16.45598903773638,1230428.633353179,89511.66508788776,11,567.6674733480406
10.809620106354313,1173419.9205809333,866663.3086926709,8,423.22099730560075
1.6092725358482767,182725.08615679055,100758.89868566817,33,496.02431205013767
4.747662336788569,433282.6860204462,44057.0895158446,23,565.9948892374994
18.18333349233754,1302216.7148071758,371624.6989064384,25,570.012961502862
16.814174605843633,1675709.5979415022,794263.5515984173,8,496.2311048934047
1.6503038200836038,205309.26556100944,137240.49047657716,22,440.52089780793654
6.327331886390787,609726.4581362206,21296.978738496564,4,529.4033097313675
6.5457951181137135,558212.0120509377,105673.16514863019,3,493.4671794468361
17.12542584636948,1469417.55135059,1045930.2261091978,29,503.4168636067628
1.4730529061047397,215565.9112655451,1580.624142099588,29,594.1561484212111
3.4986059676297723,388968.132656496,62670.26634594566,34,585.3348688592379
20.197986048956544,2183645.61936853,1675335.152585505,34,535.9019566190666
5.285071889304007,514328.14473922417,252391.86696109007,28,506.4288303460216
16.665906588444994,1737854.280209557,363797.3636154199,13,566.6467525463812
6.7163867451214365,832938.464537706,44639.567443022264,15,567.5989634781727
3.386593426224284,414435.9213167438,9346.803321118801,23,581.0668223811142
6.836132583986898,693323.5252867478,135750.01712836823,26,566.5737282695616
18.33440636453582,1912174.4930392688,1348443.7601549835,4,447.4492485873451
21.536715234550858,2127924.4634941258,708026.2717447273,26,596.5707938521635
20.925276749607796,2113001.100644408,1217652.16150291,9,496.26670495921746
10.532404710842915,1011798.4603910202,743295.5079980438,5,408.5463327548475
17.03404327769551,1725414.9326330395,563231.2844543825,32,599.7301234488709
5.919623089979703,650794.9996493069,99585.88529376253,20,555.4274206199888
8.035545526264318,705821.8668104096,291994.5146548538,11,478.49400573530926
22.512059644506873,1938163.0932788362,1408011.4302943826,15,477.23313380157674
1.3120461642576648,167877.13745082475,108028.85926729713,32,474.01517923600085
3.052204740507234,287955.1482817788,15164.833845602576,28,584.9854309931666
5.989270123504656,533567.4894448342,295627.4641561395,22,476.53105156538027
1.6367728929716732,201592.34792590197,92232.13146040539,17,467.5600903236035
5.3544504421551355,515739.246609372,374411.4999157226,26,453.4354616489468
14.992997463272612,1628809.0517170154,159599.0723463113,7,566.5553353726331
11.114189214219952,1169206.149001558,499518.6458782214,26,539.3224678473173
22.424121065847395,1630282.454573255,1147018.0789473394,25,499.4972672210274
20.61864548172258,2284435.188726025,749338.2133180266,10,555.7736016703622
9.203616440749023,1070295.840245476,412701.72437515843,19,522.6926467725604
7.22616240235102,636889.0438252274,35900.5069012693,11,547.2018533262958
10.112617796014405,1101000.32671766,244988.99120695217,13,538.5370305968806
15.167078620355387,1337849.2204608216,347312.7741000237,8,525.5929049514012
7.43352737974903,762243.2692711403,576330.5801542788,4,391.2701389716637
15.979573788379216,1356865.194849549,306833.20259063004,31,602.0478301073965
10.82587965258977,847408.6453676545,312435.320517728,28,544.1573481715618
14.249132340447526,1365091.0420898518,733113.3240983121,11,480.1949339133093
11.4670366992476,1127421.6044093682,146279.23034288897,1,522.1475245911143
8.067178229006025,834595.5284039197,324786.1129077895,38,569.5530391934568
23.76287936709176,2002248.306879281,1182990.8330839092,24,533.923685959026
19.32653905983426,1878723.9333193984,1302865.3083493079,31,529.4521232484453
4.362716218394861,505894.4706086751,253456.88337529695,26,498.03429487835876
21.84323142154991,2179614.009462273,1166622.732051841,5,495.1359979277793
12.698348757988327,1344596.8018274494,135840.28268870065,20,593.5785164595669
22.469253445458193,2043070.5203959164,1545830.4643258573,11,463.3985812564211
20.196526142735564,2440622.0867207046,258850.57730819978,33,675.413031071311
11.205124107261604,998824.8876099361,619010.0875320551,38,530.0053255553097
1.5392633996828176,219183.59577494275,46434.714901812964,27,547.3967323464667
7.448256625238706,944871.0849756153,705700.1332918378,34,490.41994040682437
13.999221151860805,1530907.1963477512,881752.9919199586,15,491.04276155479334
16.203477275827534,1635123.7769170108,986062.9803656209,32,540.7947570001414
7.189304450396855,703959.1204091003,123366.96222782428,21,556.1088971267827
4.344545777747779,511974.5312207223,181460.14747986099,5,464.59258498720317
21.038325683183178,1666777.419568443,823805.6658022938,6,485.8209856484519
24.625652336885253,2180216.0922932196,1342967.0984442136,38,578.0128647786726
13.61656437526446,1324455.8739258812,110151.68486146652,22,602.344734811053
5.120302860359284,643087.7171567748,495108.2515436799,18,425.7450580535464
7.535375836464855,824462.9616678947,587163.1764667109,14,432.5432111779868
1.4413762371392016,143207.85142221925,30972.83262391843,10,492.4725395775953
22.943171357451977,2213525.4928724444,1456960.617979196,13,495.89938082972463
3.8260259893633872,409346.354208641,169739.20655637755,31,526.4420264819739
14.836395412342085,1385678.8890126403,511932.39384775556,30,571.5381185105826
7.577325296492944,874992.9988671708,220102.11295203114,3,493.69026302486196
14.300272060379042,1195782.7068565467,555769.7512967583,30,544.876334413207
16.63408932044474,2076817.9988140804,1212677.4854282886,6,484.2904611199876
20.91380328897284,2409201.821176406,792016.2424140706,29,617.6188080530148
5.954110522254477,708837.7164944314,356811.43675717333,8,451.67843777845053
1.2638998878035315,183613.35082072497,102722.55098044382,33,494.4544666479804
4.285255121651375,452887.49864946975,257646.54475449503,17,455.33600922353304
22.600447404354522,1796196.6573361373,74673.06540642213,11,596.5332905924566
21.973361861500365,2050407.2322659665,1410266.494961165,13,483.4566403810279
15.3379144520874,1669365.9825388733,611993.99604356,11,526.4541089391472
15.41240465040768,1902872.1904500863,399475.4113492835,31,627.1283145466091
16.96088018911013,1470412.7071058692,284394.88314025267,28,604.1341870874858
5.20891068696279,504332.7519766155,194879.86941930646,6,460.89105202403255
22.945886702199033,2274513.248736106,1613688.0687353476,16,497.0874836344108
11.050492597409754,881686.8860453876,266867.28090926073,4,486.731862372592
10.195324677987939,1179967.430565927,707721.5704490386,35,532.2425777372702
13.454024926788101,1251293.7331285304,96918.93706701096,26,612.5607523671862
2.127183202601321,230483.85416552002,87778.70681048298,12,469.0502818224509
4.990800850145906,487246.24537118,386556.2787943979,11,393.8200673520095
18.71280679423289,1723719.5951315777,1062414.9900026156,37,556.6787353584892
2.9871680302030352,348401.1346892921,58678.69140570488,25,555.2514872370735
15.475650627193318,1533514.5850724052,615174.2507807575,18,535.1099476112305
6.888378632351703,688415.3948767715,128664.70713609629,19,547.1566536113002
10.343094737007437,967291.2602210359,316931.7643752389,23,542.1619020468399
7.928649682496797,906865.9559429772,565945.3151202025,38,525.4611944401247
9.53614519515878,1226151.5350593424,756510.7929153491,18,479.6500909559091
18.257101724421894,1916019.204040567,349635.76360790443,26,618.1447076972411
8.1309211749562,946582.4977913271,698368.3616163466,6,408.3075690068755
14.593711367125533,1163043.6740334646,551346.1411185103,4,463.7108377189663
12.425209652778392,1329924.2496530765,404216.4220661075,29,579.4090834322008
16.928107968703557,1482165.2560957018,595161.1829052874,34,580.9769173188904
23.48391374379419,1862131.710316139,901377.8944217246,17,528.6738678626066
18.581730333046007,1684091.0316640735,754325.2987160925,16,525.7811561712373
6.158569086178162,729962.8245391526,284046.0748880444,2,457.3737072957776
1.7483952414708321,267754.5714596029,108158.45325988237,34,531.9209342040801
7.294337063195802,772022.0815787752,108955.1122430601,8,526.6549775946892
15.281870336806115,1202849.0653597906,782076.0114640254,13,457.0766979256429
2.2342195236220084,232843.94141059823,100916.48655594619,8,446.63210646586145
12.912789932829671,1409715.8258481815,147828.28439608877,30,625.4158551611747
15.32422837400534,1636772.196450148,1003219.7135868182,32,538.8857516047615
9.021853379607059,724668.8073743522,540570.4526032889,36,487.79571575459795
19.501892889899725,1749746.039339229,1326037.1959828804,30,508.42073769565525
3.5583580752105233,354415.633078552,104628.522599774,1,458.13378813735443
2.8033067616594103,380881.49515893124,41292.695536867075,39,610.5525600366366
18.476530148886482,1273000.6864282251,527938.4644384221,17,518.9760871958385
12.891791588948763,1297828.1313430036,116917.94055861986,20,593.8956485578449
17.521657514265666,1837762.5247314067,1373157.6610504934,24,496.0725140272375
11.43585612648991,1333326.219609177,195817.2244309586,22,589.9603084075437
6.9136487977385634,821217.4898378643,166060.5960206433,29,579.4061620013283
20.658455624180792,2290370.918481062,745078.7804555831,22,592.5529924376472
20.185981095255503,1794384.3503413352,550035.4607914799,9,537.4690590441933
17.67271530050624,1335477.8516185589,849003.7538404183,37,537.2730512810801
7.531483293519105,728744.275252717,266030.61654242815,10,486.1390797219547
15.16553600485809,1816407.8531179912,248147.8468266849,36,653.3333925241857
9.663373526560644,1242319.4265322494,265568.0352992015,37,617.9391937835181
3.1979697598392196,409881.69411436026,166941.00545356673,28,518.9371261345709
23.015525811093827,2505775.1529436265,295589.08999248804,28,660.6383793295635
4.283647142055074,494758.3486277974,242097.40160915328,21,484.92542584174964
23.80569649169926,2229987.7376889563,1009287.6449916883,24,570.6799404593748
11.704138550990937,1151580.199663082,658429.628959318,2,437.710837365362
5.4431902921268716,696594.9748106274,522560.2583439998,8,401.8310605317263
14.005622737080596,1256545.596154019,917031.5610584597,27,485.3010940699759
21.9507000610338,2770752.8796002422,2097073.3944670348,22,525.4580162929967
18.573397273829467,1841622.3746818597,360538.97512998176,37,645.5103994634823
20.357467548674794,2494483.372100599,262549.9758057493,27,659.7288858217272
16.810800801057216,1384334.7767767136,334761.71896524203,29,594.0091189916368
17.61463754842846,1922271.106967098,1376477.092706672,3,442.6772166360736
21.380695637567662,1927779.6932835844,1499123.9593319285,13,460.58263179158524
6.992032212620463,570769.3143310639,392381.0504880565,10,415.3387804019664
12.746199127435371,1388402.089053937,122199.067077148,36,645.9332481817505
6.309026603670453,744434.4259156468,564238.4142656422,9,405.18889734705897
24.704032191919527,2211301.3117024447,748937.728960442,27,601.714768091972
23.65742415247872,1901799.5694293769,14165.045570485227,34,676.5823362551985
1.9462434728441416,193943.06318788693,68639.35777268207,1,439.97472400780447
17.933804140376523,1833859.6931190614,67587.51469064238,32,661.9833205766877
23.205959617975978,2561460.2088191975,1114497.3228076058,25,590.4379409669891
5.333808283056005,667355.1591599344,180748.62149159214,29,559.5255619764691
14.630685533263108,1464029.2808298154,554498.0842795253,7,503.8115818581448
22.971719142113002,2942533.4294320024,1443419.427538802,3,528.5940794583813
1.8147034860591722,227574.14219497395,158173.33129503508,20,430.09479035694767
17.738086413924158,1721634.4918980526,911642.0674366151,20,522.9611274404135
8.13637617694122,676952.8436720171,235064.4926471406,30,547.6302947903717
23.18550868903673,2297202.450045442,1505913.3384696327,35,565.7796414145593
24.305397883968826,2377899.5101290243,1722706.6570533966,35,555.2228383934598
23.662395738722413,2785086.255663322,266833.46919121064,39,709.2418555973813
12.38114119977913,1378005.2457602723,586405.1467685022,27,551.0109334219643
21.689023623743523,1837211.8912713001,418167.0045181759,26,605.9665620920609
21.26918556484169,2209874.2141181836,83199.46213902358,14,622.8651769044158
8.658411357838135,987057.0326504314,527914.9736539705,17,483.5148100877796
20.893971379616257,2604296.7903147084,1797528.9332115096,18,520.1285472191123
1.888183233171823,271954.8749768528,35441.73682543772,29,571.813770282691
15.310477083569273,1745781.5873311209,1134637.4438209077,20,499.84507827342077
6.520212094904873,711897.8109228499,486024.44364467886,27,472.93259507100333
3.8936052586546914,448039.5308602015,327728.53038304026,18,425.62711040777066
2.8468768391010197,346045.4823425557,73440.5652888567,4,483.3962050399338
17.710930621075356,1419022.141806044,1026183.5317263161,1,415.1283952418595
9.156999130433586,869702.6788113842,223105.00543145044,1,486.4820663946262
18.394402516690274,1678276.1436224566,741580.5689585519,26,556.7569635920178
2.568552179174617,311463.3364576343,12584.980305167393,20,564.3773381251402
8.566968107934649,1060785.922960579,37238.75266060193,23,604.4104627794242
13.947791017008093,1289882.0127951142,743357.1596821576,10,466.33556647465207
19.977355956135124,1303456.1777268918,463488.13853685174,11,514.0214506326291
8.650060070369678,821519.9939362546,168439.44852738234,5,506.8540196983754
16.02139303448822,1823666.1287587965,277800.5145273412,1,545.4804857863662
22.26346595766849,2439889.171399088,1307689.8141507392,17,541.4030083184887
15.78071651637531,1723427.938531168,553.6257534568033,22,634.8728704971924
6.59102739408721,699421.0865664866,450925.8217712001,34,501.0342563911628
1.5856187573569125,186141.04883689954,11801.283843948908,29,581.7657049726873
21.882372973622317,2365375.235416876,362355.834354544,4,575.9766710313759
1.5104658604092913,142144.27316066256,43921.033342386756,5,458.8879476785722
21.992840144420786,2941801.3691998986,1141086.4834922967,11,573.0946564134193
13.694491216653088,1528641.2109730316,434128.13098186854,21,567.3464299086905
23.53762476430951,2218756.2484477283,569265.6960096806,35,642.4363035404222
20.17079765856797,1856097.8441091538,1431297.9455290707,12,456.017351832656
24.9504186528001,2512256.9122845894,1289450.3911880485,26,575.8375274924405
9.417083570841044,945877.2128582662,17731.758809549847,19,591.0858156555486
19.412518934347045,2280460.2456446076,784799.2462730487,7,543.3902644746942
10.646341926621812,1108403.9469183756,775890.477107306,7,425.33476591769977
12.517014887293811,1166333.8082103606,281278.83352394134,26,576.4203625027076
16.060131117240882,2071423.9908186165,156693.02483982744,5,582.7279444688426
21.96825074047213,2255073.3409036715,1368170.6244477949,21,531.86137018176
24.618003260783084,2773709.790828634,1344725.1992149497,14,555.9861785233724
19.438561932748435,1774510.46376328,809620.410202567,4,491.7304172982906
11.02640277201601,1208698.1646664692,51806.31141329412,23,608.7756770494735
11.112568054649685,1203115.2697008718,135229.2032502714,20,585.6447692207521
18.701975238133397,1370094.9097702613,682361.4070657095,15,500.19589299671225
6.730651498439256,934526.8664737643,155373.57066965298,29,591.1292600255368
3.651378715153472,451827.34721699695,182202.11755535254,8,461.421881128932
9.510931783378638,932427.7149897339,406450.2283553128,19,507.1160388348864
7.893735799697962,736858.1883023937,167123.67567499712,39,601.1131770887455
8.111394890943762,909427.6315717907,690019.2343417658,28,468.62908037623276
6.6065860251978386,723250.2396603031,487449.8937392264,27,475.1357524927201
2.010236551272685,219748.33593558642,126992.30098100808,4,405.2101722161757
1.4289744336019314,177003.83137845388,11044.170542787764,15,539.6011346296327
24.705337353664756,2728136.551712314,231629.7479286957,35,697.1446589790495
11.266555209660696,1445247.7644778853,569752.9107901847,37,589.9648952407225
10.223839531832361,1111506.89328456,142907.19637490332,1,521.7461398608247
17.311534784633675,1464586.2632444454,1146203.3277533823,3,411.06097636506195
6.23809330876154,799306.2440902428,101364.97029820396,24,578.6090123192242
23.799068414805408,3019583.3150622984,1177559.7940772397,27,623.7884789282562
19.872280345973248,2998806.3610168817,873542.8331491968,36,669.6928853460344
3.1458640554942283,329571.0131134625,168578.58455169472,34,512.8810130918828
11.02193861883828,1200349.3214922613,123911.01268657536,29,614.3681474373825
22.098839381491953,1567704.4658764035,539687.1887856306,24,565.8575501482736
23.673568534993848,2611782.0704536433,573975.7434792621,24,632.5184775690027
12.217636269996873,1129297.9493081055,802028.7810455052,4,415.13167402485414
15.721873341056984,2031789.9015750973,65969.3120508059,3,583.7778821214526
5.008814706209805,510682.9278187904,373300.025494196,34,476.2309180717181
24.788047027287437,1896731.4739863125,1263972.960191673,23,511.5901967909724
6.5601208332026415,655638.8770705301,156079.1443010635,23,547.6142404522907
23.625562579243017,1672476.108473005,1056055.8100707796,5,455.6125395905834
16.591519575816843,1908080.1771243352,47646.38059187085,31,664.3290374307737
15.585683077092618,1087782.3594068417,841391.4316218738,6,406.81280632933067
13.304524264396207,1410131.6451299812,594054.5541690141,37,583.150074990833
6.5360754812262085,469896.5247671594,114008.56014077683,10,500.2708968202151
5.236672768132198,512507.85495257634,148661.39562296952,7,483.4870001829547
6.2916690176842085,862260.7731766369,45806.98513433306,39,640.8655743733859
5.474518291462108,653067.4313228484,516889.55665275437,38,481.82677500618763
19.71002736560208,1757710.4978019895,55251.09157634569,21,627.0217086879688
9.403006220001522,975899.522991453,511298.83926696033,20,494.25084121600065
2.388224237521513,245467.84870966437,86941.94857646545,3,447.98096551535326
24.25846312337947,2641825.599572432,2005496.9256483256,22,519.8464290727029
22.210861239122217,1773699.6023067595,349063.71323978296,4,543.5880256431832
23.26605479668511,2589406.0196293257,1102231.0598964286,28,602.4423489550912
24.877787743514446,1502589.5595561862,579826.7224028405,12,518.926589009007
5.173485981267695,544468.1146047007,306150.6940886952,38,523.3200935361718
10.50980845366381,1046005.8770098786,56911.281855229514,36,638.9585979680078
19.197723416898192,2112148.8402810837,327449.1889903273,5,568.4796928075066
17.704494833291015,1802459.5005434605,309395.5187670045,13,576.7680088068824
4.693501752156521,416394.9853750379,245889.81821350288,23,467.55167864033115
20.579994999774826,1813932.1959155814,274467.81660845916,30,632.2950964243448
6.386573724079856,731690.6403351167,335694.8447586434,37,548.5089433908483
6.371622755742954,679605.4664543907,117024.70162638063,25,567.745207378023
13.887386149441927,1322100.8128597424,911324.0375090103,27,496.02404050095316
15.230558436200877,1441205.336681156,1086306.164123062,14,448.89854074890405
14.922068988107469,1720030.9020245995,713459.151506656,36,593.8423600902255
3.195684097546117,372752.68091657344,105059.2648797583,39,575.5406857631945
22.059060703129127,2208757.91882114,413581.5712252465,16,598.9010727500457
7.3744010221289455,1021469.8411093369,40679.83337280574,22,598.8938334006865
4.1083581107873,365100.8394522933,78423.68257016822,21,534.6440213864925
22.32995391685545,1654721.9488256574,866062.6438260722,21,524.5111531617754
23.93563595751408,2690899.350101757,1148727.5629305996,8,546.2572649945965
21.691062814370817,1980298.9423710722,1495587.1559474848,16,476.1653531698945
20.428385793397073,2007322.3944797602,636364.97873818,31,609.8885337805183
16.72580753533652,1496598.6849993286,830747.9725583313,10,478.84581262743
14.220576894619343,1430640.0712766743,560035.7842600846,32,574.9339632550475
3.0876822378738433,450804.8898166482,184857.491633879,34,538.020001044792
10.80287711369677,1228267.1388874352,263118.7130130747,9,533.2867952188386
9.944524408295536,1157068.4822200486,421127.3638763237,17,524.490614994082
7.234090810247829,591732.3540817741,222862.97163896824,11,481.3436946412378
18.36208272852604,1583144.5706950692,894973.8173832778,32,546.2629793479733
12.9010176418905,760696.7060980051,572433.3992039256,10,409.925468374142
2.9451091817835504,302755.1948624002,79762.98202924013,22,525.4188033972953
6.284396846795472,752624.2219971654,25408.87586713245,17,574.3528939068789
17.398210327830302,1882730.195921468,747511.8550949512,4,507.90198775675634
2.8271406277672044,323320.325597502,140828.3321485751,25,500.8189998800331
21.42896593717045,2177728.513414294,293454.2328121521,21,623.1586523554654
12.883516648335384,1229222.6394850214,747824.2484492834,37,538.4945685752302
12.534077855839552,1367904.742189435,1077831.358526023,38,511.12753233693877
15.217786831828423,1698603.269126795,1285196.820934433,1,419.62017604371806
20.79234318220358,1625263.2288089534,256279.3576610175,25,608.4735629405737
9.347420989652633,1048756.095267139,734434.0267349709,36,509.89212542656384
17.272387661417525,2002819.414544045,1128778.8259424446,17,518.3937947558923
14.577567135898985,1414989.4286324796,513750.47200636484,24,555.9841269361933
7.408678484066112,822736.831638457,355824.4612957148,2,452.41171417358163
22.08711967252379,3171226.110530373,2155419.4067324363,15,535.9130164240216
20.138224518566275,2046303.2729756627,786001.3587615803,32,601.0305405768868
16.802844031802213,1857414.5584479365,554560.6405567322,39,631.5834032810972
21.413961498261806,1916325.2602305142,756178.1043448569,6,515.7334115250628
21.815060823035257,2242816.1593496692,1039105.3462806523,1,500.05187772837894
18.000711441160835,1970349.394703993,298039.23253937665,23,617.5615511836239
21.08831988072813,2248465.452041708,1620527.9255861107,39,562.7933812389498
17.73931508006281,1536601.0595765691,828765.1039394231,17,504.5941305703245
17.32337852224721,1853961.098382604,939244.7500468588,34,574.8354171613059
15.846673077164423,1990231.4229506813,158416.41264777142,29,650.6898607291251
19.06519934938339,2052819.8892243262,992208.2214653479,9,512.4449654613584
4.806522527033769,576009.4491282523,55739.587537746054,13,542.6866720069713
22.140898220774282,2147374.9535001065,135194.73329062923,6,591.3033701087404
21.924244665885567,2451039.411450531,1033967.8298454272,6,531.6718331552383
1.7019347928294195,217322.91403862642,70027.62079327094,20,504.24723111410583
20.819602013554302,1790996.45721783,843645.6862586153,3,486.43021506371747
4.092876819362685,462842.69049158983,33036.66265208407,17,555.2381607305055
9.042852502219406,793768.7504054328,273680.70979373954,12,498.793459960656
18.844198150998587,1707527.9955130466,238762.56734669494,1,543.3352454132965
4.858237505159397,533620.778765082,421389.6932559252,17,414.4088174027446
20.631208578857493,2161108.4869303936,970165.189229159,3,505.66030548758783
20.971220270985807,1775027.1874204818,976175.2942440262,26,539.0111897462805
13.179225610260069,1556283.3050523528,405154.4299081465,15,555.1844072928768
1.153260921204006,197221.17943210975,14947.61640872031,36,600.7306208125893
7.888915196197907,769498.3766465385,600744.8357828707,32,470.64059702049565
15.806246041017813,1280072.9500777218,293145.95832748344,32,601.4014723417996
24.548468272658162,2409489.0453336653,816928.9435987748,4,540.5702521855748
16.163524648400042,1544232.1316780953,802832.5992891635,18,511.79105779471183
7.235285945539835,773807.6479357989,15288.766266288018,19,584.0007382876541
16.21613687439067,1603288.4452590111,1039263.2812991834,35,539.4900769275945
13.959649113180532,1003614.0105303446,430813.9114061896,14,496.29205001663456
19.716289483627445,1922777.538528354,427959.80650277797,33,631.3963516101226
3.567535331847002,368398.92853234196,18157.052616625562,14,546.8786794944986
19.26466966004867,2177576.02078567,283082.12236224854,34,663.1032943555161
13.990397888226646,1260518.4200240802,902565.3325039919,4,419.2153193844133
24.11180809261587,3066319.032875996,1682855.3078948858,24,584.8888854852972
9.204931984928466,714545.3797671372,142852.8964731943,29,575.5975397287831
16.182925435214756,1974570.4312717302,103626.6645834099,19,625.4866948596645
23.36867453224042,2270236.8978961785,1254288.2915457902,6,498.3110259339853
3.460233471776302,456638.8123843662,209106.8673484448,33,525.6803163405323
23.493483693674825,2415470.5923344563,781684.0122831884,19,588.8956997800607
17.50925733521952,2052217.3004426113,596967.7653334868,1,526.9108601472942
2.6280894185241257,257538.61364971314,44670.438433799136,5,490.6112603973312
8.22312560672359,740801.1544171206,396839.03348295344,27,503.494245130682
17.996130127486758,2215066.712754419,1720075.5500009472,16,481.2957840631575
2.6164144352505208,269187.75752493826,37840.31439180672,6,500.6530709671054
14.97209104423056,1572967.0090038925,751395.7950498402,13,506.3800211576752
9.301193366870962,1172389.3313767663,397848.02710883314,35,584.0259643357144
15.901972426419452,1382045.3855656746,493875.26933715504,19,540.8116199434805
2.0978088115003084,252519.27193356876,51341.668913417954,12,505.4372060568925
21.91688334765703,2029758.5162938272,1339859.6327718508,16,497.16876054592603
24.363735260257528,2408071.438169178,934824.1284468003,10,548.6819608632086
24.253068526856595,2501601.6531933914,1087507.982571313,25,588.1191297760134
18.991643961830192,1511789.204337704,368587.4062968812,20,571.7098221259361
4.122069763135167,426050.6669442209,61967.694442807544,31,580.9526721710569
19.19831670229654,2316906.549376183,159237.07286925215,4,590.9305998625961
1.5900859950112363,226145.4024691893,129195.80842833346,23,463.78675355078104
1.530965236695934,155658.03843965355,24436.354689716827,2,480.82883646752924
8.76664525958899,952635.182684903,525912.0488831956,22,493.6933506371885
12.727436569711978,1290569.3645721807,403046.30553501076,37,600.1625432153746
19.489778027387036,2361570.4387201313,785505.1833455252,8,551.938849390461
17.399089038556124,1701619.6187534388,638689.3056232602,7,513.996385375294
11.70166495304196,1238860.57256681,364431.65833326057,14,532.7210616022655
7.567039990759981,892784.8380460895,71865.59205509705,3,528.6121971662292
24.930988003785068,2234389.2129308386,553470.3810004877,16,587.8344789167782
11.228351253663352,1423374.6127754739,755794.1109108091,19,507.7374867999888
11.83328858391221,947672.9854707038,504756.7131358645,18,485.38141518380877
4.92697170860006,645135.1809870381,147722.69620333068,16,528.0095180810824
20.075429169998305,1911318.5826645961,703522.1600579985,8,526.8363230573538
17.648373418755728,1766588.7699272977,273393.3604635633,33,638.711994315182
6.2984707069302495,475284.4652080851,79989.26581169575,12,521.3518455635497
2.9771450947802247,299404.6615484281,5520.324563245595,11,541.28865231688
17.331983249793115,1472869.68429756,1056632.6462860368,5,430.43533938666326
16.708269142747245,1572536.1340431236,265075.0756112098,27,610.1883789497399
7.558228647957024,764255.44966614,139115.20434588558,12,530.1647976768114
23.82072549400985,2758301.916333339,616980.1339796913,17,616.5958474301125
4.625389402741606,488942.635397292,49836.19067652014,6,517.172413944623
11.376035225022445,1256105.629207366,642385.3648859524,33,546.9621638592766
23.646782084022373,1986095.5845494517,119392.87001280871,5,582.4209508735642
11.073455606226936,1017050.6909544138,109192.53633837869,28,603.2096394259605
16.324622743938054,2100914.884563829,1083663.2030526218,14,522.8755191281383
10.542265551107063,947966.2869818637,257589.4537853994,5,498.5729522022437
7.581164856368081,1012456.3025666617,573412.9912255917,33,526.2265998304762
24.615463551035877,2409800.393877742,1074625.8954106465,19,564.204056607887
10.824016151561032,1126773.0850226688,230782.21360131493,22,570.1075357110647
22.458380888299224,2616418.1157000605,1362270.4318913762,5,515.5242525497099
6.518910541386068,780261.3478918814,72579.08680773819,2,518.6066650688143
6.114512896601999,661287.8172262204,283777.3210915792,30,530.6258513962439
1.7472179892282726,242546.62021324105,84823.03632903683,39,556.7581680013241
16.64000380902124,1658042.633755947,355316.6566146171,4,535.4619320994474
9.844632249370267,1100369.2386572973,531702.8156062531,33,546.3739699079719
21.74459799615129,2491175.405067184,1736515.8518775585,13,499.2336414282421
12.357037760597372,1276487.8039694282,1020071.7332602488,20,451.2347601966848
24.23664226995332,2662660.1141597754,1294612.5465635422,7,530.2643615674431
5.4526123768749075,709261.3459968007,229633.78652761545,15,508.61751394720477
21.84695603093466,2355652.4180932883,424407.7201568583,23,627.1929606891392
19.6383244670018,2083637.5453095245,428556.05169272696,14,584.2101275091632
19.502124271457248,1551882.6121232023,595246.275109225,23,554.3625079809656
21.274797474805304,1325955.9844019527,389595.25276043935,19,551.2738071711647
19.264575782631972,2096685.9832815402,1532785.6807254662,29,524.6571157112705
16.02928771915397,1620129.2986261665,477349.02216019254,20,565.8778971201332
4.149877064377302,440943.4342012179,131734.35240283044,29,544.886602784779
1.780628307790046,232567.38240964603,71358.0940964239,24,519.9371733069495
23.100348347576485,2325104.6269685295,1556183.6177129813,18,513.1449514199159
15.799607548497713,1867238.035264201,972141.364472846,10,500.56339007506375
20.11689498342823,2053673.7477482883,1009041.9556677263,8,507.8799338589087
12.5565364363012,1166972.1019685399,311948.4681515332,26,571.2160004973236
3.8153965350974675,496207.80606918316,324680.34972867684,29,475.98364394957696
4.0044590128612105,407403.5139355126,12503.657539557968,10,540.1579227405083
17.453566893495314,1917205.8378048383,1335597.937880461,17,488.36068593809546
11.327341477587105,1055617.2363471827,433014.1057262103,2,466.18470548685855
5.812593440808081,536601.651696261,170961.387052905,6,475.74402848970436
12.798269121794485,1305985.0271007738,519434.41966536385,5,487.69263616920125
2.541014489803218,310590.4155172572,165834.2935609386,28,489.6371317352773
14.96731364594557,1614457.1906066511,16487.387706384176,5,577.5358193814025
7.455841706442344,751539.4674674533,524004.4944583215,18,444.6132816653785
20.141418415292517,1511338.4800402168,540139.7081264068,26,566.9752151517858
8.44868701416577,830023.1350614274,227736.11672205257,20,538.3262822504446
11.925283577963228,1388526.012748034,153566.05122396315,27,614.4217500084721
1.2788929577944153,146184.6131760337,51394.46060387976,12,471.5329246296906
2.738725307069413,277750.88381131436,110283.27070393365,7,452.6983919469519
10.419845353760437,1202152.8951578801,388196.0339249942,3,492.5026446873587
12.518532033210963,1138160.308537655,617939.1854257721,10,466.94079732920267
15.40049315486329,1251650.3594585664,421452.23321307846,34,584.7225697768665
7.999901889023278,830714.6909544088,638930.964847162,25,454.4017751827246
17.67956526703702,1709556.7521281831,819599.1415951513,35,577.4978672333526
21.64293753254091,1882607.6221620827,1216131.2931087902,16,494.10783518217784
19.716423733440394,1923774.8340908133,168300.907489031,2,565.454048866116
1.9508518083605715,257468.00104731947,81831.8360226299,24,518.7321131705479
12.532166734187895,1271470.5863844599,342633.555585015,10,526.963191223834
3.518324282036197,444033.31263598235,202295.32103371288,38,540.6441504035846
6.809080380700659,910122.6198026595,626975.1142606357,22,464.62674158227827
24.679902238411515,2393056.9720982737,149974.25455769832,26,661.1881640420099
4.4198930296363175,538443.3708147532,31261.93511631523,39,626.9257671454365
12.973315682832546,1252238.782739526,851840.6494441081,27,495.0387180043652
15.83573762363486,1440532.8054733379,245294.0252688611,29,610.5652984527964
17.859159293058497,1705226.5449940946,912300.64123121,38,575.2085410877936
14.431568403685938,1379518.2842621007,599128.2477742332,20,528.3202301927552
1.2345003380604078,184106.62870998768,122672.98546306406,27,455.1012899664428
8.835071397855806,1234820.924202713,123569.9226013581,20,589.378611394284
13.425079441233073,1236313.8438926572,128361.98177944841,19,585.6872792400885
3.1087959794760005,331451.5518219204,147646.64767774576,20,484.1671244283476
9.415046349020338,1002590.0434900505,759063.8521828996,35,493.6830172022627
1.7968746109927975,194355.47463388063,64525.66904011556,2,447.37457764603454
2.885883931720498,359997.04897323286,94158.55302144082,30,552.0891459181781
10.526158628838306,1323364.8032096599,642297.0374425376,34,557.8643004167246
4.1851780970334485,310194.56547705096,230896.0794758369,22,429.5360065318771
14.620980358277397,944609.2145969914,632455.7942861777,3,412.8759153287399
17.54715925929438,1636197.12706739,1303045.939139493,6,424.17050736538044
20.21408077861799,2384121.797302817,43045.00091762355,15,636.7538985797323
5.803605861875442,498064.52477964445,44968.51057109942,27,582.8652778371438
5.019581974217674,295502.34126075375,144079.3207982335,10,444.3052515117706
3.509628168025606,399032.22679850674,261949.1550766207,9,411.6690587785243
16.27432598904728,1752912.9552265909,400006.80242769554,33,623.477423439981
17.95541743568563,1565914.5380288998,299667.2963283953,32,620.362807435681
1.758067475815409,161817.07080920733,101876.89492288028,6,398.5565549313761
23.469093909848556,2077524.294615975,93707.73692446075,36,682.0798751681219
2.247310807635338,232457.18896730262,68692.52152827803,2,456.1970639454785
13.991112047225691,1325668.4966330857,536428.2813576988,29,559.0972642505507
18.017452466821993,1943271.8443178975,871127.8414926736,4,500.07508587666416
21.903258969906055,1254441.4910907017,731204.0669747331,1,436.59923455678376
18.138086371178268,1618683.8400629286,459506.4305861167,19,564.9720378536118
20.241473993675005,1734252.5198886641,850039.4949186179,26,549.3406056476094
9.146804621027346,929509.9905803127,435289.8429794947,25,518.5203319766595
20.555802729916294,1909680.2192496755,836617.3081288802,10,518.7686326653875
2.9227563132322034,357254.1754931713,183052.26464693772,15,456.8128401169729
22.475599745452662,1664714.3384677628,345527.0041444817,22,591.0767061678183
14.14221702768967,1465871.9577366596,99267.38730965453,21,608.0910777359258
20.61514647909985,2278167.4551468748,217376.67324951597,22,638.043230679516
11.855638828439204,1587740.0044383109,285262.74658533704,36,635.5764189529083
16.4458646847166,1593740.5989170943,637748.6058697423,34,585.7179542730381
13.633663862466717,1489719.779482081,1001619.3512085847,30,515.1179510919201
18.558148522127965,1403669.5479441031,787507.2867723292,25,518.9398471836226
2.95911956873415,245740.69069734905,155119.50645189176,28,467.5831309555664
2.448450015773531,277870.8190829698,78020.70727879951,1,457.95873293514416
6.930477616243515,700469.729264336,226758.15748668843,4,475.27419050680544
4.82907232271652,582274.0774557884,183384.60558099116,7,481.3018613397335
21.92280559821284,1758647.8916776683,269949.89697796566,9,566.6462061623865
6.261135696593064,746941.2373273851,36580.197103045786,36,628.0829841901239
24.42076613965915,3164646.065589079,1496032.2306071636,19,589.0392677712068
9.085499002506564,967748.4235418016,765850.3087372174,1,383.4352675943783
5.370829976528783,579365.0812706063,77324.24445348824,10,526.4818504587822
19.9527641714195,2069837.1790857478,77303.98074115119,36,683.3239159795461
16.808986612021027,1302824.7804735797,812474.5537955727,9,454.38792212711394
12.956697194875336,1623125.9402910413,327983.1196836018,32,620.5112765420857
14.328725222503149,1365580.353187811,906356.2245871453,32,517.8802052710439
18.26084267853433,1976268.6085349077,1112934.349965602,6,484.42087761587385
6.4829137919511695,572296.1292446628,432964.24382662773,38,485.5840792416578
24.912013985361806,2084460.663675361,681914.1897922267,17,568.9500688259469
24.395035891522795,2984638.7183247576,1580592.650550069,10,543.4703744208888
16.607816472326483,1628262.657101187,605524.5444585648,27,571.7537413539242
5.789018822299483,775097.4685018962,391014.16235980846,35,535.1097071707088
17.32547781835099,1754217.0286115992,630955.245571135,21,561.232856183226
2.7327618155002202,247774.16302011014,37390.55758106265,25,554.7298070929525
1.7356600529393456,252790.89675457205,102713.47460065967,28,512.848049309642
7.184389324269128,684868.6913746365,289608.61625581473,15,487.82127542499467
12.102950961743591,1345138.042887093,872299.2592043354,4,436.10890599385795
21.83854012980113,2250112.541117331,1324003.4914860863,29,559.3211887177202
18.45205767439139,1436100.1693330419,762617.0108353302,9,478.2373469426906
18.824956508799545,1982888.2780708203,179867.1541245537,27,642.1735958344211
11.211840026753809,1542539.5406684575,889263.2975988918,26,524.4029751205438
9.302439821127109,1037033.6350571308,415066.61994571897,19,518.4325203855628
9.904930311630466,1037947.3911350362,742422.6247331473,28,482.46196986841596
24.703589529665386,2902831.5830471963,2136184.3199370136,17,519.933913861001
1.9626205938995795,242463.99341435058,10698.789776343474,20,560.8735052402883
21.808755906938764,2327420.80392312,1527982.5921063556,39,578.7941825002082
14.888209805737443,1291035.8116888097,38934.94483430602,23,614.6098499999251
11.52677006055017,1257109.6923908717,369257.99617019313,32,587.5372475844313
18.406183849963277,2192496.8133283933,951192.7747338251,33,599.931876433763
12.680054594192868,1118985.7534277863,132578.14698802645,5,536.063302356771
21.962157713959854,2733490.799732519,1632033.552296697,34,591.9294219782485
22.616844736270203,2252572.959984956,15055.664565466275,11,621.7661657318561
11.12130224496293,970032.9285710448,130837.30296540816,3,520.8254693933959
7.643867133641238,944773.2190276774,438977.03243339085,33,543.863435984551
15.216407886240694,1478181.1175678268,844795.363863072,11,477.8252347767463
22.896720294800584,2582528.0285576535,1893805.2039128721,16,504.6382247112796
6.055892536135998,615086.369761884,347153.09961410495,18,465.7239904809355
15.951198005523587,1640805.320632073,881807.2007396123,30,548.1475295845044
16.157445282220493,1755364.6081472426,553769.9934721347,10,537.1200009097834
18.594712537966743,1976608.461257072,2031.0450913041973,18,632.8588303659947
4.157624443054235,367312.3686959583,35308.78555754545,38,609.4670133501388
18.179799152370126,1550220.1253004875,662941.7706813216,19,533.4800778510532
22.816780495975383,2671770.203803636,1443033.5301571768,36,606.8500264170383
5.312394612885807,546710.0357428954,182578.5329678763,13,494.0766760062818
6.701039798173063,623460.8152660015,364439.785780197,3,417.0297907660976
24.31348225699935,1955873.2474781903,816557.2018462168,10,524.736962645979
5.3434468650277545,523801.981588105,31082.91059117408,38,623.0838879684343
21.505242240869897,1500335.1813673452,230470.98937718014,1,532.290807099822
12.814668554752835,1315998.672858074,884349.2375937353,27,499.2402311952921
6.933545785676249,647115.1630952047,375281.6242093336,8,433.8985670638979
21.897997630540274,1906304.672856447,1364551.1655489912,17,484.09026899225864
11.687326120063972,1174789.9017110926,110484.0553121692,9,555.1824362090938
13.355616494312564,1420477.431844189,1125271.010339411,6,416.38349173535573
9.621600865594377,1314258.812105611,220171.69529822338,25,594.0652782522351
15.230820434438257,1255673.670226249,11833.344393327145,39,665.3421666031873
4.924572942040546,634099.141934342,505972.0238395906,28,449.776295428805
10.385956879642258,1256194.5507474523,282466.7866028518,33,604.27596035868
24.2658957360469,2217008.8258682974,1184804.0176576425,37,592.7972406327223
7.195202384827061,759455.0958595064,107345.82707955623,9,529.1090335661714
16.761679948991013,1597107.4640078926,741349.8556844746,18,525.047733408453
8.804561541392676,946979.752146727,684882.2619237667,21,456.2335922531396
19.563355016478415,2403190.4883720074,615565.0688958952,2,550.8986327463301
4.140967857240396,527713.7248761004,282961.7778491083,38,527.8679128279466
24.27570508188507,2684772.911250393,403582.7721061771,36,685.3263422422691
11.890948993207342,1186343.1066974984,592977.3714930197,37,558.4864604729039
6.665211120315135,548147.8472380415,147539.62884099988,15,513.0938575987201
2.7639219359203038,323749.34569121007,54702.82841794341,28,563.1566524535762
5.074189722100978,635257.3526803033,159160.96034958382,18,529.3011659946305
13.474574765344425,1106788.4145917227,158351.37814210952,34,617.656965622421
9.088076234350872,808976.6342544437,583703.2458388467,22,454.0524881161165
20.893200781182628,2150892.13559812,683444.9201137736,11,555.4857836131841
11.341300567883343,992621.0687299747,194775.52467280152,13,539.4601539533002
6.969142542103118,622066.1211467391,223151.46108205203,4,465.1373902833203
15.81147967849672,1524682.1623471454,390972.62073359435,22,575.7014998048465
17.9626532052507,1442313.6428872352,858948.8366423164,7,459.58546510535723
5.009005789622797,475709.8494498421,369615.10245259,24,435.6332080763146
5.022861190919624,563284.4308495686,197390.03120471144,4,464.44599216235923
1.8801142464050313,207141.35634712494,142684.50106434114,28,454.5203102583265
18.673648361575374,1449793.3006627904,656307.5945113538,15,512.4536402569724
16.93130866292332,1535123.6553847273,193100.95116504678,1,539.2472398003117
12.391141017995533,1381160.5595570125,763088.7143166913,3,453.74678364926586
21.260090775260732,2091210.444821438,858959.6664969261,14,543.4988982527263
20.336083670801276,1967891.9719336736,1024258.6831963946,38,588.6186351570104
15.048504745522052,1516863.478175994,1079627.474498285,1,421.3245531155734
21.838510732318205,1687996.3156119229,594761.54602842,38,611.0503213195095
5.940189040882438,714098.5806334992,514823.72931054723,38,498.3755235105631
3.686070865545469,431807.61702584417,259315.67858568064,21,460.16526239596897
7.473990676407751,759511.5518532834,296880.8683973974,29,539.2036739336538
2.3700845461435565,282770.34671429096,136458.66595658995,5,429.79527216329745
13.748068672024768,1162293.4602647806,302736.6568899583,10,524.3987572075494
23.478536615079076,2801078.450456621,2204106.560180482,28,538.6675700600609
1.9442449760442315,240930.10060188652,128627.9862804143,21,465.8610179360121
3.930637936240643,387220.7979643365,13582.730569575673,7,529.4733355191127
11.852776678802446,1187744.3014529962,310354.64582553203,3,504.25026713843846
23.413000420669718,2343629.1919611525,1168654.3221827706,20,554.0148582769968
8.587746519442012,1053966.8548908893,47498.72610220762,19,590.1453497477572
13.173635408521418,1174606.8666931207,22443.628103101855,35,648.162804056662
1.9977486172094103,184925.03538693071,66576.59873572439,4,447.3931230910288
4.560236823090133,536910.4814335691,142899.8756376097,5,483.24599050651557
24.679122951012324,2249453.096795848,788745.7289292117,1,522.8503465865274
24.162848714465092,2750676.5390955335,578067.4595714265,4,579.9961319830205
1.1185595424258308,164369.7592756263,21659.693130753043,12,516.2199508601481
23.843482850157734,2294645.392503351,1265071.7030953793,27,562.52287858328
16.33887850757201,1846878.2948604587,760280.1806376945,23,560.5437531915702
21.83003906848053,1855226.69322825,297065.14837749716,25,617.1843939292313
11.913756535212618,1368251.2849542308,349822.91451042244,21,566.5957431965695
13.374304685902006,1425437.8258441617,674868.3017735949,24,534.3282478076343
12.732317926166084,1413574.8996122782,81681.27498666252,25,619.9863002608947
17.004742181106504,1599807.418446381,188717.1344770216,32,636.3998152552665
4.35163011415151,390736.70221565466,22895.79664057202,32,599.9101714314438
1.7193661569442709,194915.73422256645,126666.74346215143,5,392.82585613464363
8.390318598188582,651342.7121317184,392061.0164746054,36,513.6682311713473
17.91233830567952,1783966.4898901188,1075108.021498778,39,567.8285904949237
5.844482850950761,698959.1042638362,400545.6963499915,16,461.34630921438895
17.162378399798015,1831639.1633365648,980858.0458882969,33,565.1638987462835
24.27788910657449,3179313.6107347063,1213205.5110177991,21,613.8538379688803
3.2536171789460413,393391.4091316273,202133.36943723014,9,439.97115020412673
17.142450837403032,1558103.7691223791,47817.02648363036,6,574.1863019988192
11.650005263309708,1239773.5416163914,616380.1186126303,35,555.1566340395701
21.835414105060128,2246026.026908432,1397706.8579101118,39,582.380608190437
5.251594946737262,444525.22224522155,177937.52908170057,22,503.72367122830644
17.623022853427948,1523712.211394655,435797.939408743,5,518.7463559074283
21.114766951554646,1979871.657159132,439415.46333652927,23,603.8065887182086
23.670741267376556,1678091.396441202,862944.4719934053,17,515.2753278317149
17.397952678951498,1776189.6045931703,984437.0296449057,12,496.1993924029414
12.932194336202254,1290903.751139283,899468.2734266676,23,481.2813340675645
15.828333764829132,1217646.5311363123,333473.5263986861,16,541.932408051694
21.853719627489237,2323875.282162847,1431083.8704214587,3,478.7914421048202
14.694633919331913,1687255.7106741064,757720.6560669041,30,567.6732965566702
1.7292894327240846,222818.06814988452,157369.53707609052,22,433.6588842175027
23.342768692167468,2238807.14240081,945335.6143182926,9,532.102348368733
17.548642024757466,1968549.3014674305,815183.8696892195,29,582.9211995150224
17.236321258653916,1973499.575763196,912352.1400535264,37,597.4796499999824
6.176203657545212,692099.1715291991,414880.4292065492,23,476.79351003837843
16.813251285583775,1499358.933862422,1157133.8302747766,13,444.62388074194314
10.452745735699803,1152643.1356528047,67833.83621791848,32,630.3355887515897
16.62959144899581,2007164.467025691,85801.62818311654,23,640.7370422984649
3.5582327273917773,357979.0971021996,268498.7386183533,17,415.3111098989138
16.788287310472864,2249140.8568267687,953411.9347117105,21,568.1855341901578
24.985929418496,2305592.2805985454,1134172.5149618422,2,499.839208893232
2.1570889326533447,290757.4654125798,112214.61092391326,37,545.4425223613466
24.452180421311617,2210561.9552669586,165628.48124904107,6,591.4372857934825
10.765791057348896,1148634.413265647,705803.1140124004,18,477.05107598363924
21.89808280809422,1677538.557378642,1002798.5225277407,30,537.5455990809718
19.777251617398562,1859737.071007628,463748.977709113,22,590.5169514014552
14.608390263680027,1287527.0357190445,315433.046103808,33,601.5028021922177
18.722781022031835,1970286.7559752474,1320630.2211249245,30,534.7568492941269
22.08437347123235,2571863.5556966183,148874.39534005197,17,642.2973809892525
10.699367719624792,1237614.638138849,872374.9034764705,32,504.5277617885034
8.848795877517729,598084.6441231054,122804.33236914627,14,524.857515381578
17.022241253526033,2243633.1596822417,1064352.1946000287,10,524.8677667464107
20.388302606590205,2201134.112404534,1648198.9731303111,36,546.2862958558969
19.294843234638776,1772747.8856492147,961712.184648197,34,564.4103151801052
20.147527572607228,2080238.8434651685,689690.3950271319,9,543.9007837438809
11.453999555510393,1231671.1277805087,679423.5013806189,28,522.9413716863539
20.62802118820052,1878465.5768810343,516923.12477468693,11,553.1018812646222
3.8850173288946026,428035.3781239757,94941.12886406286,14,514.7600685090893
14.067738351060388,1356587.4171396,1081670.3949757097,39,511.7941722160353
1.1382078519549177,144917.06526881296,87041.85354805477,19,442.67024562198645
8.790059917606488,818519.4709082929,422172.6838164576,15,474.5855824552409
9.795076836913548,825010.8032157558,234494.23514128762,28,560.1540892135392
10.50814459862213,1121801.5206138515,44118.954320616635,24,609.0063281597463
17.69121296055669,1940441.1507122344,48211.23221694766,8,596.6485458628645
10.325394430488299,1130285.0862779813,501106.2465028685,9,483.54240257931144
11.768646942940736,1387605.856562057,845920.8532845661,33,532.5789988962341
6.701059140983859,768707.2580350173,330469.8272089386,33,543.7676198503839
9.958042999104162,954230.7486409694,641842.3749140901,19,460.6436184353804
6.454471054315635,732740.8970564522,19594.390275371527,3,532.9613905873426
2.7567021704426473,239536.14381682136,70280.30249910548,10,480.90111352452243
15.482766241153069,1341103.3569822535,254348.71795582896,1,518.7128716914217
17.03710716532039,1515303.0173473281,542203.2625811059,29,576.0484457887536
15.867768304230747,1911848.0199531214,110698.13121562531,34,666.8936978870653
12.123857051213736,1409839.2027457808,1076137.7542936674,13,442.7325054584596
10.114858724301516,1087421.2268549874,194218.1297062774,1,510.77598490310174
21.720007589723807,2589235.6310931584,1910457.7240930935,34,558.0001811663527
13.457962843269232,1226295.9591105194,417816.84402745025,29,567.9089335585517
12.500365063113543,1341400.0001735855,1057585.6580156977,13,434.97213868610856
1.6154095793544565,216507.83837493992,95966.38634918704,29,507.01097218136385
9.189947863027752,1113736.8220152794,829362.2687796353,39,512.6162146124819
10.12469485086057,1042970.332175823,4463.069212174658,24,612.8629750959573
10.571746741525612,1048131.8932592202,627402.3652259245,26,500.2070667414248
14.924136861455974,1647502.5775535717,1190222.6229182645,17,472.4119986057404
13.806461121445082,1576098.0452840282,176170.6500012045,7,561.6886310947284
15.589722227042671,1428682.4836126617,109866.65647365815,13,580.7671630673623
19.35719827701108,1927986.0194970653,654856.0407327533,5,524.1878236301297
20.511657729186243,1777510.1928598154,1327699.0180075963,26,499.71178273312296
18.234953829435867,1146214.9731871267,497353.2772365933,3,468.0667492970149
23.93256870291843,2479219.5788064045,1046144.3134615266,7,535.775748956779
1.4375819842326791,234888.46897708453,26519.118288005302,39,603.8153598311919
5.698671656405106,594268.6560959164,375.34535707195687,1,526.6444244689217
1.1815089994754109,117599.52922914819,76217.67462506052,17,426.0815666498921
16.539393139710473,1616896.7641178747,113279.22200918847,25,625.6639404869169
22.552733174799684,1510826.2406597694,766109.5510262128,3,468.01707862873894
6.8435751178311826,854962.2980712381,625570.0686448609,15,432.8598592004189
23.24882907511136,2004140.4473225628,334534.1908576372,29,633.7813117875535
2.4464173669494604,354710.354585652,188783.33091023762,32,503.74476038552035
23.426464643332345,2727022.1908077546,171690.21205309167,26,674.4891153591086
9.438944493751226,848385.1141371866,409773.50129246945,16,485.3345815514694
3.4340998827811964,335058.5382526467,43941.3782366567,25,562.1732661775934
12.660922220471814,1388632.372917741,817575.1512763617,28,521.7927252342812
7.162637625292191,643549.955779228,155085.90915515137,9,504.5449910641438
7.836949647086148,797742.4694115175,295733.3501335302,1,460.7671373677173
8.374959158230878,834840.9955209636,400343.3523616084,29,524.4847530964191
20.272621547983924,1529630.8979963593,209588.0807682394,22,599.781490213256
13.939870640206108,959600.5292149349,569340.8345850231,16,467.72197018977806
8.471384779744088,889943.4203619817,215466.22390867362,7,508.17528231258893
15.64801079946204,1460992.1547596562,774176.072692876,14,494.4601886043457
18.187616181356645,1725870.8385778987,218540.88115455685,29,630.7095454312162
7.54297601760481,871030.8655075236,479497.3762156147,19,481.7424091472849
10.925178436608437,1322818.8375198862,135655.67796723964,19,589.4026618511216
3.9252662400867413,380479.4651035438,129471.5297432967,2,453.16213920094435
5.347584388832328,537437.733964318,106286.29767395044,15,526.9445375603524
17.34682849515959,1870821.2807930908,1120061.074119265,3,464.09281132321445
5.354520344695047,448465.94775355357,94011.02131262574,11,509.0130371890422
13.603921208009444,1465928.4694126586,1034027.6011350844,30,507.56236975324293
18.017110281338383,1986861.8843894885,1417538.8686175798,18,490.7832415505215
3.565046154273852,396880.3967554878,62370.96569983128,2,490.44460543457376
14.615493271093685,1100950.3857414094,540651.1439536433,32,541.8226642284205
7.15750680883273,650009.5979693003,45613.84722336731,8,535.9655612435777
24.110245005701916,2137397.367494014,669496.2927718111,22,588.8499587634999
12.605095521278194,1291395.8211526847,736944.560492279,6,455.5243561259038
20.343821194603795,2205084.8460265016,1163267.3669970748,12,518.6956743450735
14.205437011750282,1811465.0824421032,905298.7596866225,36,580.5064961926269
2.04190078851566,219030.02278179198,49507.94544381776,15,508.5546627252807
16.195633014256536,1554685.7777166115,470168.0100061649,28,585.7034391991601
23.83368021295977,2830381.7500121356,233101.51135503885,18,650.7438868484396
15.438683683511949,1616549.731478101,929868.9178388518,2,455.6183379897479
20.660532626242965,2484908.5937083764,1001694.0811360076,13,557.7741362617313
22.220955120361786,2348332.6919892775,1331534.004316603,15,525.5308065042664
6.473914526774379,575025.3413715395,114519.06826284487,20,543.1700496873619
6.0890761577974395,545144.8145743249,141492.65439206848,29,556.8956760013624
15.6635437324238,1259821.6737744939,336841.38047051575,29,583.9184129893614
10.864683275360914,1200363.0799839273,24720.19060030137,3,552.8957376398025
21.15667126880129,2530868.41073803,690517.8303171408,19,603.6670767766215
22.60055496155227,2893004.6569584804,1859171.0977149736,3,496.19145451545387
9.482113103265235,1096127.6121123482,786842.9259985304,14,442.27734516453575
6.684893415387569,793091.1207905911,328795.475809528,4,460.8087143298752
19.732612365852685,1823582.6747134891,664515.9997635154,11,533.0630357534643
7.595344853155266,689783.8314883348,17009.858872494868,31,615.6594142676341
20.742743644328282,2402769.0294780135,1690019.9623463117,32,551.4380671654593
11.169718087570308,1240952.4525538068,12916.045007268174,27,628.5564639540127
17.021197582995292,1789552.237172094,1352543.69568696,30,510.42207665324986
3.2928475320320363,352418.08156293264,137926.9214656572,2,441.8221234724228
15.972623792237751,1692694.1811200418,463032.42207853444,9,539.9982482728454
11.842424289693499,1468294.9884390677,1085620.2368819816,28,494.8568499627371
15.07860311621138,1862758.9167411844,36347.6319232044,31,663.6077977720319
5.032340985876722,612314.6343541312,284811.9775249234,34,533.4646021951113
18.68496987866037,2135554.0058228783,937820.0412968206,15,542.5929563130211
21.707129861037487,2388095.3248364637,419006.41981932725,25,635.4325487996374
6.2017552021786155,649274.5934468664,222772.57009950303,36,565.348994721841
3.2971493324838814,383132.5339414493,199922.8491168298,8,434.96306040665473
1.5673260651120735,141948.1794748067,82571.9597093815,9,416.33693567788384
16.407316010638382,1974104.57715575,1132.1232430664782,37,689.8494856931773
15.570256866130737,1356040.251543432,1016328.7687999579,39,521.3450612471748
14.12073790513768,1536610.090092598,202249.07783603016,32,631.140344020854
6.56673030678341,607424.5589879156,113505.99379657791,17,537.9241128839392
10.381743901732353,1194351.5306780173,251743.9305259673,35,610.618309916105
15.267432044468153,1592973.9382251017,48197.19349400545,37,668.6677356806784
12.922404612620065,1021119.2350154087,100520.7122460593,19,578.1564296261644
24.706852485157295,2684597.7043777346,2118362.191079242,29,536.5679205040435
4.274554061361595,404400.1020798268,101978.94461811557,7,486.7413261028273
17.683469297142253,2058072.894470937,189838.43898379384,28,647.8747413245896
10.703650434503011,1088577.8890822718,93174.6569917772,9,553.4245137753511
11.276790758214755,1250565.2715258955,719785.3198569682,28,518.9090160338403
18.222346375796228,1572497.3399246763,1075045.5607794498,6,444.1689073517645
17.61846763178487,1664099.800521929,342075.41628455656,29,612.451624099522
24.79014384885252,2342468.6184314406,39183.901177594424,17,641.35322276362
4.081462946899006,492595.28613429755,87914.47317583661,16,532.009408494115
3.498631585219992,483891.0254178084,21877.94845747096,23,579.3131304892312
18.38413161108979,1678377.4093053876,138828.58070113906,31,643.5919065114089
14.881286008153818,1734501.879235393,598761.3158248535,3,509.3387759937929
7.579855997435341,553297.9639348113,101770.69317516012,21,548.3449792195313
2.9060648557356785,290550.60782947275,119926.71089013846,26,507.07068374911114
3.055797990314333,333632.2998378499,67658.96311497991,36,580.7862914723635
22.46058099193884,1864386.1347716178,1402819.7627294832,37,535.0894772143931
5.60481579324983,471345.7610686555,341610.2792382103,22,439.90279557454386
8.7609174907725,954365.4899725205,432752.14890218346,12,483.48564279722626
6.4397536534477124,649297.2167668492,184101.2092422447,13,508.2640499526922
9.519911339966495,1028169.7202032303,313506.9464463902,11,513.1432876825716
2.666172225906241,326231.0090678849,107487.18873371319,16,495.1528750595959
13.457434981798489,1415361.3494150518,823830.1209467223,8,464.201762435011
2.6227015262131577,292146.89991096174,105555.9459357834,2,445.4236367134244
20.208556187736676,2059778.4120728371,1411739.0790313315,30,535.3143450419699
6.6090899658503925,603234.8052023054,455608.6674265726,30,463.07422645923384
13.960285950508254,1641539.4217522398,441175.0834860355,12,547.9101923294602
22.121898101474997,2036705.6315715993,913575.686247172,10,521.7571082427552
16.62105685713266,1450846.6965574687,110329.96995977557,11,575.8248219690885
13.790986877232047,1372293.741366553,220081.9356699896,15,567.8167020120446
8.784010074769014,790128.9028050054,261353.00207850334,16,513.4506334385746
8.992045913396751,876901.2939322393,144655.54270928947,17,553.0836172130049
17.067686924756565,1846851.7617528564,1295101.8293568732,26,511.6243919439195
24.859344669308022,2619827.677310188,331746.17164914607,2,585.4673061229519
16.884140556385088,1485027.7200793256,541335.1607683685,12,522.4953773546783
14.386802016880598,1385432.3920403223,671324.2780538655,26,536.5054172080328
18.535612245741905,2198262.5245625507,1216718.8011258966,23,546.2322756767669
12.164934694809237,1343073.5947018587,411592.2843350038,18,546.4318446318333
2.443416222418845,384395.33593766094,267262.10278844024,32,472.3199624415499
14.495123581069835,1782103.913905269,810243.0267866328,38,594.3530923837427
23.983006828129124,2815954.5099627203,990107.1332119909,3,551.3169355269006
5.207270616583831,488321.95482134377,26268.06229097371,38,622.7743767445279
17.560117379695978,1963213.8995152789,729827.8587279316,3,513.1782410293847
5.822408527817355,637602.7103554576,418642.7172719801,30,484.18637388370144
13.859864427353951,1273438.4462507085,626064.1275208642,1,455.61097493461784
3.320234791521271,400391.234839308,266552.44194840814,30,472.86965679691343
11.808902470196443,1412318.90940862,558161.6190847534,32,573.4508890804559
19.147919893485906,2114640.2371187266,200403.110520387,28,649.6317366696319
9.34171658173557,853074.8590242959,9308.6476508459,21,594.9406190272308
16.957881387693234,1910646.091648412,463476.19347942347,13,566.9107161909619
20.0907990589535,1870935.2580402463,1044715.9863210844,27,544.1589348819631
23.252267667506864,2472802.3749685036,1563325.2538475215,36,580.4705103680691
6.631409964530885,646966.4165499537,153073.72127904452,7,499.55820312274545
10.583581979423396,1067612.364175743,423333.00342971215,22,529.3998672257102
4.657984319930018,539335.6484379302,181699.54991394092,10,484.1944012280641
24.819604051801004,2172702.461235091,713555.0911627439,39,638.2244529531752
23.248023230183087,3033131.427128726,561368.8421065335,15,629.3094629731249
13.95897112673343,1044589.7947646679,113961.49169164232,15,564.9642149858734
21.20879906503411,1938742.69947616,305062.80507300486,4,558.0795386620523
13.502991454529013,1489283.6652466268,65924.49628917879,32,646.7181646637297
15.966056512066233,1782543.546238229,282541.34011920803,23,608.6008231577568
3.138986370784399,321167.7583164,2364.0253318734462,6,529.3745667125953
19.12649009192339,1944183.7685074261,975604.4809411177,24,549.4060066385405
4.065123607245636,471546.4133818936,119348.55090871785,20,528.2417913532465
20.82562312606068,2084379.8248040266,1622722.562490388,37,538.6720391638556
19.76867410408926,2429987.6042495305,376584.0256945446,20,626.2047760457735
18.009872745831434,2051735.8356327056,567639.0965518549,12,562.7368621757732
1.8678491325942908,277239.4763634248,79366.15635444791,33,552.8349936718917
8.275080542687887,763582.6837275444,5162.732835909114,28,613.1910679791081
7.314701677860229,738759.6281679767,495978.3642744317,8,419.2771126404057
9.64327377931646,922865.2468585089,23621.26028735757,1,534.7954962512484
3.103425922332125,337530.4515804995,253871.45934643218,37,474.07244450654133
23.486987752745506,2519586.3519342276,1798126.6879408555,22,524.0515579023897
14.29125377709703,1325870.898210538,568026.3391138599,6,485.35132935466737
8.332583455792566,957176.4522213541,416253.5070694543,21,514.3117661030475
10.527556409782802,947758.1102636247,495698.66303440346,32,529.30585673756
11.732860972116056,1545825.0649500196,478649.28787052206,35,604.9050006884188
15.414264000654814,1364181.7765862788,706343.0755295317,15,496.0117057197943
13.376306264715947,1391632.4548760103,49840.91412112192,5,563.5023560048825
23.065407357146015,2592509.0991693437,112095.17255414401,6,613.0527435908175
12.927123589739926,1232061.2684765044,450668.71262600017,25,551.1255835999331
24.811792355759504,2856448.3601357657,1255974.1765507038,29,613.318366228465
21.434198985882297,1762221.4112066773,1251625.0040374154,7,449.43803399453606
6.004252344576059,757208.4509563651,63399.93318200749,13,552.5426366129911
23.33428515145399,2414380.9598963163,1588948.393692078,38,578.9515700448303
3.792793549251426,381348.37481247773,64080.96856801527,18,535.646361025768
20.618793003788596,1973347.7948360418,622131.2790145705,2,521.8805280318365
10.134959043437922,1152471.3593149362,291900.19074237364,8,519.4424648002114
22.071383690681667,2035642.3141209614,651658.4045307405,11,550.4008489063747
21.833360562578807,2003921.106905254,241264.88406549854,33,655.0775645845965
20.34220960282291,2042622.8017411213,822882.9730009395,38,615.1337001650761
19.960730471369473,1697677.694516724,1088744.594985065,27,520.6442934076503
8.312299338352979,1098223.5226567073,387922.42900084436,20,533.2834992456447
2.9420627932300523,293210.7525265115,115082.540631067,12,469.2302579573486
10.671524290363875,1262271.7100463652,857100.2490439749,31,507.68805475684434
5.164588359676208,586686.2373032362,331387.6628755226,27,491.4981511500445
17.67882613365908,1570801.5188488401,616325.2238631899,32,580.3593553907881
9.306393436906852,949808.0906896447,195809.12926847613,10,526.7610199173171
24.414644820637957,2734581.7229927694,1935923.6064877564,3,476.7949894245161
16.38332985628797,1646067.7723502351,759851.7497691322,27,554.51944662352
20.739533527224662,2515122.4418561137,444970.6537218008,35,670.2212800565336
4.180592145804362,544117.302998668,117146.17119125031,31,571.705531697865
21.68834757454294,2497780.928842901,1604840.4102941155,15,516.4099429239167
23.146172572321465,2187027.8326061405,77238.05837704602,16,628.4178233702528
12.689486051654463,1089408.9199788324,864635.2623924038,13,423.8416068745421
15.55007050602346,1481887.0927271426,154533.17734772197,35,643.419214954719
19.35543522167189,2014518.454390909,1282955.7882975107,11,486.20977411212635
5.196127054249901,604152.3620455243,190803.55208390584,21,524.0020437983517
13.061585835122617,902696.089006616,355457.2988794881,11,490.3532542342699
10.567912666535515,1115505.1725623668,785896.2195054175,30,493.7161145081622
4.512975811893979,531999.3739394667,175734.7954832495,35,560.2141846233045
9.820826134996754,985196.9052090454,423629.7461504509,22,519.4088756206443
2.6361354252518456,390673.13318614516,15408.042862727716,38,621.7389793419786
1.6194857667876876,234194.57908322784,439.81252343765465,31,601.9921873445367
4.243990939715746,535805.7327793378,104932.14027038286,14,524.2642496308973
24.114762678140174,2381358.7173726144,1296569.984974818,24,558.3610538279019
14.188708861480407,1682394.8142286125,163212.34218831785,32,643.8934096316826
24.17973186767728,3083005.191850607,280582.9677036166,36,713.1182942652964
11.379949079923168,1425899.977910192,468790.97753628285,32,587.2823018306632
8.48358719404623,739379.5428631643,383197.9627647813,15,470.9212555372103
13.147404708165858,1334712.7399731395,760329.2478650941,35,544.4569908392567
11.548280527189842,1101037.1700196976,157184.66015790554,3,524.489378945048
3.535952422281854,411544.95360441826,26203.28033415105,16,551.7276945646499
16.37983155256495,1816618.4895061278,1366674.1114737578,5,437.201214148958
6.184916380230391,582664.4224104834,121504.82178990167,21,544.5999556864831
15.87011091754791,1623160.1628599423,1108094.43202763,10,458.3909668970019
16.604826217555683,1195374.4869174156,825756.5196436532,19,466.6563474026457
4.648596475087555,615404.9545773669,380331.38439489476,25,476.0125835010876
2.472391050656036,236237.26275706748,31907.831277605263,4,494.43611344587146
19.738278065642554,2048367.6762416505,1346681.2363396192,29,537.446473568994
12.035210170463685,1185620.5262403144,729631.4022869329,19,481.3447315709587
2.395931092131419,284780.1557043611,135947.89282785635,2,421.9155278111797
24.876791612074413,1448858.3145990197,390846.3778833986,10,534.0020069569283
2.3867334639127993,288078.67949313554,60498.50565815369,25,544.5217704970784
17.680845492605275,1780020.0727374835,173572.1953225561,20,611.6985289766419
24.608294206321926,2331381.155303954,950750.415644567,19,568.6941155080187
6.740322501182215,894562.1045335099,418841.76039777027,23,511.14074409976496
4.413984848492708,430648.6030441117,123799.06742792406,24,531.7317056392385
3.9132385461382935,458627.1928716409,174410.0758532457,11,475.28763688592664
8.278603541622292,940099.4881366541,273391.80424249696,34,581.4416663463835
3.4250994642555206,463322.3801656634,237593.96174274798,28,499.9719260353143
17.611872200659164,1594930.4866442736,1149956.6295068844,5,434.59574621832076
2.4950031551215046,232068.91977335475,30432.63851375979,5,498.055514863423
13.226131075594953,1582064.571524165,482730.69233194145,21,565.2571732764668
24.920724492471443,2675062.1764322273,301465.8194206084,12,620.4635104251513
20.535286468144452,1585642.6819743118,792750.0129540906,4,475.4347040137194
15.765266517544262,1488992.3424455035,868226.0858102975,20,502.9404121796448
8.35008689887868,959403.6209256279,715264.3600325565,38,503.2701076214322
15.973500070999323,1848080.4098852593,412302.1950318847,25,604.303708193656
13.64899513387964,1253837.275184776,953128.183369881,14,440.11969806892216
11.226001213368916,653868.5021706024,33092.37477335601,11,549.0327125955162
4.137049041764787,510173.9038642164,246113.54940556412,32,519.9247380162345
22.278501165771203,1842046.3778741464,84192.89497958493,11,597.5406200200331
11.79483157171174,858570.5869671754,613894.5832023066,18,445.3389534367759
5.670940283698362,380164.76060149935,161131.7866764346,27,511.4371412928513
9.82622442105495,1138597.8212066905,609694.859045449,18,492.44817672622025
10.939114060694248,1161015.820472059,772376.3870992764,23,482.38880467320996
20.860909493604982,2037479.989340107,245003.90839707322,11,590.4494999761692
18.60674513347365,2290352.8479348705,70710.63503300784,21,648.4394640072934
19.463317447392157,2142398.5340802656,1506330.9429075827,5,460.07495801715424
1.2647503462875331,203138.2752098098,51179.994105813,23,526.7362146149632
10.987695956314276,919225.2868952563,94848.53891422827,25,591.1323862074638
12.552259639247767,1268720.6378862543,475477.1516336899,10,505.7950275815163
1.4606146437533605,154640.53592232123,74017.89775297059,22,476.45664932552984
7.235517009880821,736656.2045294867,18251.74973537139,19,581.5109516335779
19.24695575493124,1854919.1004317987,407927.3657014755,1,533.2134586961379
4.290632937495977,483391.830416474,12684.15301131119,7,535.0876933323556
13.8474431548622,1402208.46429663,471518.2724586775,4,500.83467630058533
6.1648449284137,676132.6178627976,484165.0607213008,1,386.8293000639128
1.2908985914534385,172710.90730095614,135771.83164042147,15,394.6840504530672
6.7888349823889955,922325.3260824785,470052.07401222276,12,470.9654044827187
24.420970117841293,2370599.258829163,306542.55766768684,22,634.9619393476319
20.23689068519175,1782038.4656341334,1291406.7656399831,22,492.34563622547637
24.029839463704803,2525684.192931001,1043103.1733531448,17,569.4277160052304
12.708497054232698,1175913.1049996805,144636.6647892059,29,609.4366342635203
3.633668768260084,472141.1952268267,348148.1051098797,14,413.40938069680726
14.151027735368631,1394985.3786728026,845326.6004447169,20,494.60436703121565
11.905056029439061,1155507.3277169087,676392.6434885606,33,528.1474494729721
21.264569985750782,2006122.1065080399,1138162.4699127083,15,511.77597165321686
3.35398193882187,395541.5798250694,63394.183470686854,12,519.767291817572
12.717787288522675,1281685.8401801046,216355.43115582792,20,577.506362934
4.601167952655622,475830.5431295669,262008.66501913508,30,498.90634197682186
8.79222224536144,1174854.387183418,206513.7895449645,38,625.8385354696732
18.696569857307193,1635545.3971959397,573973.9796690875,3,504.23434439934977
12.424435104850396,1305071.8361663981,816454.8467306885,28,511.0825813516253
10.021318843498463,1152186.40328277,722607.5457372976,26,498.6550532356562
10.467430685680847,850604.7606669613,308437.29723107326,30,551.5023068225408
12.02672244174368,1315311.6404264935,833581.3177937402,13,464.86207549302054
19.840397052089365,1696033.3769953488,1137864.4456221564,13,472.6618476881249
22.410032534565627,2521582.086767118,1320856.644230298,2,502.09916326520306
23.92803247609428,2121288.0774642937,387645.62966917705,37,659.3033867292245
19.885681270127083,2271210.8894301224,497870.83155503264,38,661.0065507155173
8.569765497952305,1003127.5006656391,252660.65706547743,2,495.7505151612279
17.515232946077013,2049847.2158284686,191544.460028616,36,671.3052313957064
11.502474977329406,1245608.9495991168,272200.0542415207,26,584.1188187247735
7.112094929105228,708533.9789609093,118761.19173676934,11,527.8182832684313
21.18091790622214,1950955.354733899,710660.8500827074,8,529.1856142199796
1.9222323750958,278638.29512324516,202500.39165205546,22,431.7955241453674
22.642287811250164,2066656.1996605727,172739.91548965432,20,625.9493973057896
12.07545915099362,1035700.1799752245,596785.2947701592,8,450.1851393674257
16.29283544339873,1849894.7428544634,1017120.9733736527,29,551.0305090080781
16.824494132938785,1533530.428680461,117473.58185933832,26,624.0205453610812
22.482825776956872,1987880.8963370286,1467171.24735996,30,521.9036510685531
16.280072372012974,1309477.509231245,595521.2506780103,17,512.4235480241587
15.734406034241482,1499466.1110441159,436315.2741318551,20,561.7825610600552
2.599648973456559,288739.4469412266,174754.02575050708,16,438.5034045184
13.441792526684898,1407193.0811910173,289730.3139202672,7,536.1092499033792
4.604056019609,558103.61056928,309640.27521669155,16,459.36257049535993
18.698410449315652,2071623.349555493,65813.33187656979,27,657.5111407706602
13.293326099504188,1337272.7100825703,898013.9690550746,23,488.1856223858193
17.32546670100048,1729039.1812290614,619923.9635075805,24,569.4542317257515
2.0001496144572224,233320.8304171699,118842.97559897842,9,434.4619669194161
3.0350083850992773,431434.7552366582,76359.74770991078,35,586.8593390403969
18.191761313504372,1893644.2978630087,1025709.4201668857,20,527.4139778891687
2.7300240639681608,327791.3285796507,202506.93281421857,37,500.55320900026175
2.7101614663662064,264653.7389755134,100190.1113931796,17,485.8720396575167
1.2906034056372988,163082.5380222993,80592.37966456445,31,500.68699367100487
23.956033559187524,2651021.035262905,967783.6983911654,8,557.0286935989325
18.700200627016166,2062144.7779541116,1474996.6785031261,15,484.4311720369092
9.47803380404954,1091887.445527746,434893.68617501785,31,557.0164289388188
8.116853950903725,856020.7460587159,576484.5753132593,30,489.5514363977376
9.39287751390039,1177515.2374632158,754883.4073485829,20,478.88428017528884
19.591684748348364,1894898.0209335752,622291.8188453533,39,627.1151494216059
16.872894665689945,1953061.8248205618,359495.39002405753,12,577.3089542956264
5.4446936288192305,575305.2149792494,186896.9348572249,17,509.0390673896066
5.178624048018024,530606.1063078239,350716.7877791662,30,479.0294641282777
3.3614955931215356,424026.3795647476,77217.76002771175,29,567.5398494514872
16.847265272832114,1826245.2526352503,766199.5095456744,19,546.1399947681701
19.344943893321663,2060078.6593241098,1328498.1662596012,11,486.4276666992448
7.361114279800097,813085.9242785722,229926.04766113113,34,577.9670409506023
1.5026790647419075,163413.7893652742,83956.7282796064,7,424.7830096541794
2.9721200194342563,471689.9251514205,92689.55102232874,34,581.5665451582465
24.228640836280732,2893258.017344625,252938.90515392215,20,658.2456094348795
8.090674659458086,972789.8245823194,618215.1127832332,38,525.8101169684358
19.461355548115208,2026772.0023281625,160469.46802698128,24,637.2359003477334
15.991925652502331,1860788.3113350978,403986.66230232257,10,561.0105092406703
10.1665513516695,1159648.442578154,793301.0475625895,32,505.5684301835357
5.936494292693323,625982.8947485999,173507.07781359024,15,514.6042298573573
3.9132740358257543,447508.44769858435,348356.8111211269,37,473.2130819856776
15.7603112329328,1596901.8869077158,1251631.686294922,20,467.1185819124911
19.591210735306912,1033433.892847279,221796.42573991627,3,507.41319244132205
16.453702084987135,1771347.6605284885,58069.34249196792,37,675.297390861157
13.7272511979798,1288143.611959789,726578.2124612387,8,462.7156190055309
2.0068293623592703,294626.18999246875,106297.94801064795,23,508.62720717596375
24.24373066226521,2453407.6528666005,197750.23873479915,11,615.0158510811318
20.16914059970979,1673208.5043232935,947066.5581734811,8,477.7246891364449
8.027728880823155,854766.5227742025,21317.814927518964,29,616.2026754530607
24.519287904612415,2127176.6294452455,1480849.6504285561,30,535.855594699051
15.44515815127173,1674193.6012121313,185704.9416266975,10,574.7833393903567
14.978143796973916,1641182.151603802,167153.58646901802,39,662.2773854646761
18.95375630630877,2223695.5148591385,312513.3608621917,28,644.840252919392
20.4824749141633,1877259.2445395433,1442135.118959644,36,529.4477524228511
16.755486575956063,1710095.9905929745,948308.9150175995,13,496.4967419831036
4.074297912788801,388007.20949861064,248750.34659749008,32,483.30084270576253
9.118420143867962,1079789.8766416048,343489.78575420455,36,587.5699973484237
23.27400736782519,2582543.9119302523,694833.9095380647,37,660.4917200764172
6.390774684252446,738606.1410758684,138553.0619152999,26,570.0268045577276
9.932008572100319,1037442.0607097666,398915.5847748094,22,530.5939978984052
11.369845190660705,1215723.072429341,536696.7387095612,4,472.3363255317067
11.545719752666852,1494420.7212583025,755309.9340195216,31,551.6928538658913
15.710549979868613,1539870.1843733804,316743.294526622,18,574.4558467351441
23.63382010587298,2488532.740542546,1888605.3918211116,38,561.7566566772233
6.776625083980119,615258.4475469633,83556.28005186109,24,569.4489781887368
3.9160330312220335,386601.2240421082,298658.1594918743,23,429.9595409990584
5.739291756638496,626349.8610649508,7444.10421483111,22,588.6770148413974
22.28619760502247,2601656.9779714267,1001379.2107173012,2,533.0861684281617
16.499459503724943,1648518.524152693,439650.445193512,31,605.6018868674577
7.861762941739843,780355.4967616353,280380.73982785793,11,492.3544736416253
20.582726535246813,1988650.5377417726,907881.9374882627,28,572.2396888727446
21.672879912722465,2057442.2346262024,716959.6245124913,32,608.6034241030146
21.316344128566673,2235950.10872657,742061.4880293811,5,538.0625083008076
23.054236807349305,1863651.6960314908,1092432.9886855963,38,571.3103213751306
7.053784484160678,860910.5240816545,472382.4827518891,10,454.6962169494318
19.121006289910678,1769247.4697713642,1179410.4859000517,24,509.44649366511896
12.052947934579361,1405810.7703145954,281116.02237067744,35,621.2389938142645
21.207965269361477,1762785.2347511412,859574.2857234642,23,541.9868478293954
18.483776251878716,2067817.9950072763,968061.0462558116,17,540.0815541374344
19.634738715993393,2163375.723690214,639905.4433378709,1,530.3769792079784
16.747884104345715,1833306.987053635,712874.15014424,31,588.5630727777165
5.258290467272965,509394.1364788336,127871.02714535946,31,563.1706225302368
14.08064605352652,1528771.6013180849,173478.1495063341,34,640.4557604340057
24.632073748588198,2044090.4669923072,349623.213237685,9,574.555424973655
23.497313595930855,2304642.4975352357,194536.98685289107,22,641.3035164772173
2.03616965912828,261057.8617559439,142656.54618373982,13,440.1511824398179
4.955555577506491,604777.0679252328,319674.2204019483,25,493.47469981954504
4.161490562909486,453096.81137243676,344573.3726665298,18,420.0268530021178
18.42351783964709,1596961.2888389125,932214.5439168253,12,483.1299053699979
20.626847916566682,2296431.3849939876,95615.75806233336,17,634.5299211987785
6.124272791456126,644207.718946094,455710.05318869103,15,429.2890809292111
13.140464630843896,886696.0873202555,611944.5532898711,15,442.43981742149407
21.1768726722688,2396292.0499482513,849859.9681985013,15,569.9204306742982
18.587237074390014,1929967.3860171973,904557.2641531472,39,600.4606073562204
14.013692931804359,1680131.0315009316,1311951.5964502099,13,450.03270806443425
15.16834457101055,1301632.8476768974,554291.8759572224,17,517.8966156913693
13.20065312599072,755046.8357688856,546848.305494295,32,481.35038089058105
8.141162831651695,866197.2901822759,57542.35759622864,9,548.3616903576612
14.560527828616387,1559732.5982837623,238391.86207036974,20,591.8210049379612
17.533247249202176,1360680.2699596928,479781.2443422412,26,561.9064198477769
21.959749980659385,1927660.9173146472,901770.2764523794,27,564.5453473586172
16.270992495501954,2341551.1580233006,1528991.4173921687,21,526.065590022884
19.26691688903579,1874369.0743539515,1481894.3567840108,18,470.85282455124815
4.841719238909752,563258.3959725928,175219.0961404425,13,499.3140964030451
12.077379386074957,1121863.9548114056,42555.114464011436,16,585.2880564100426
1.223958875850239,102019.21579102182,65387.91078424248,9,402.8933281043889
6.9202927485189525,698355.7211917364,337658.1863595638,12,467.23331379442016
18.435081162712116,1846061.4918802993,293217.8609955297,38,656.0756022562997
24.80343883238472,2369568.5517402817,938023.9594530379,19,572.6101890101841
3.3802743900931818,346214.67680450104,205598.96139690257,7,416.07894778678417
10.635863580670918,1175747.177355932,724647.587238158,35,528.7640011632543
20.20170324877983,2010681.0533503687,803658.6199287275,18,554.4882962142128
5.896855231093572,509880.602355433,124498.37477578652,16,519.5608992735998
14.32203878325487,1614651.2399341685,1257803.733972122,39,525.7872364712077
18.593711104712195,1323680.281658957,702464.0061703293,4,458.8091935133194
15.783650806244296,1142933.188618138,373270.5677600192,25,555.3993244493178
5.512593630769987,676381.3883832177,151760.0839823812,32,578.1811396625843
9.529229648457747,1051395.6539897951,614942.7991591363,13,464.07934887902184
19.81100282764953,1998044.3866683175,387114.61921009555,17,592.1724241717299
14.301436339168399,1204789.8645867042,165499.5634910354,37,631.7179963476781
1.1255107250299057,112599.65216157035,47727.28928043297,6,437.73056385253153
19.263778240674252,1888455.3978540571,438102.6055587629,19,586.1402330910996
1.8474725185657377,166521.69811429147,83781.08214839597,13,445.03604473679326
18.89761078554957,1732272.939474606,163441.58000170265,26,628.4207295991068
5.859533443965698,671288.6158924653,351723.60606086376,14,464.06096790492717
23.993763522865123,2975072.763071597,674262.2274549712,31,666.6754660432316
9.830578031250027,929208.5121495837,180.58939555478062,4,549.1294709764613
8.846358792113898,1063018.3902764297,107948.29095747121,39,639.210966383189
4.573313207978672,342027.3777726334,255457.6156233149,8,388.30263465729024
8.334501171765158,965893.0743032665,670217.4711090666,25,474.8589807136734
22.039618283876813,1964181.0856798578,367080.3537356451,13,580.1897983013964
24.912024103053938,2670051.4314763476,1662634.414362128,32,578.2625525317753
9.839428732164361,1023376.7392790711,498238.41011220095,38,557.5636146633269
11.766655142909022,1485718.3587757833,1153992.7635383804,38,518.0839805190523
18.329702516865687,1648548.0721233697,492725.5118074026,28,590.1650173594853
22.268698731161788,2496509.506548943,1361018.317990227,30,580.8266822592103
15.23306402048282,1465440.0758092992,74486.23510840467,3,557.451887444545
10.396616756267903,1070974.0548475264,339496.5021940323,28,563.4393867032761
10.90292418036697,1066224.2421759947,822116.6043169658,3,397.4381438969309
17.694835515923366,1613022.8543283825,695510.7748271528,34,580.283974261116
1.0772383265026884,139496.013453688,32126.4344561908,16,507.5191200045724
15.870144099036176,1616100.8652142917,155496.00605783818,22,611.4006805079946
9.531832250592577,1051675.148757821,591906.6174526032,32,525.5024715212679
20.06073595065002,2107502.126278238,1087228.3861372168,38,595.1231181023733
3.231775355755172,377861.6223674738,113037.67119066275,8,479.284270718095
15.116854406761373,1737093.6200588038,1321499.324300988,8,441.3331285038186
12.543349357266969,1068659.9051980204,18981.8048181804,6,557.1939461298648
16.415812621725458,1883505.3608816352,457652.40222092986,14,568.7443981741733
2.5564862675912403,274155.83498938003,202013.25927976088,32,459.5951155916422
14.91961089827515,1693519.8065566397,434808.41713592724,35,621.3911221311552
14.475630111028568,1602129.6522951133,323313.3959958729,10,553.7247326749773
14.455842265988103,1037138.7940059329,443248.56935155916,3,465.01028617123774
15.483703998314915,1593965.3468002076,1050489.1536053666,12,467.9503338847222
17.235230493432695,1664403.4718576332,137342.2615334506,31,643.0726571337675
20.319735992338472,1858704.9534127659,1402237.8113514811,29,510.46488459319283
7.475697283077144,909048.1747843891,578207.6411666422,5,424.1502660023893
20.801185844321488,1926159.065127819,279293.4582298845,25,623.0463217168644
12.958136374322887,1201076.5041829979,684140.8263890822,31,527.1217863756139
2.849398699223948,330175.14587622,101683.04192254301,21,514.6136102130397
2.405222301855501,305257.16640135617,98242.66679033826,20,507.84313816384326
9.02171964870546,961003.2573962624,602195.464255976,39,530.113715505632
19.83752745067522,2374821.3608281147,1829153.54229875,22,506.94728515620744
17.98434243378198,1949672.965309692,197550.02495030072,4,569.7219789568367
19.926759152137755,1367605.5299525505,460204.99041657976,13,526.4033832974909
13.414457354598625,1274908.0554203587,490525.0642667997,20,534.0456649233258
11.564775950931773,1085013.925111124,326642.8492640327,13,522.1906662916454
4.538860640950815,520522.3525600234,151238.4456807863,17,513.710634307805
8.876626086623478,610169.8153339775,25514.210587049936,36,624.0438058035037
11.416464788173005,1644156.6725816056,901706.3178483413,33,555.0800876132445
3.1264103123108136,339544.11311883235,118491.22991253938,1,446.78745778554605
6.29468686506907,673525.6794389193,104958.90262099323,15,540.7740187545285
15.35740705752973,1833927.9515592433,1197237.3194244378,13,481.7917576940388
18.655914741740556,2555436.6270751613,1640714.5050236112,17,524.807745378746
24.96034027343079,2870046.0154561987,1116773.0833182265,24,608.9791801240249
23.394719952245385,2688430.245409183,641891.0273536055,8,583.7851040327256
16.4215647888446,1728348.499444423,882277.2841093601,27,548.0391038503445
11.109953279057727,1133410.1602904191,261275.64671959443,23,568.2320646872323
16.268256752997587,1526720.2386250854,288254.46696098417,8,547.3075406932095
19.855638833925568,1755519.1632346737,1025945.9793335714,8,477.3384218851747
3.8400685821612957,396434.13931976154,12789.041361310521,26,587.4053272174383
10.837717352710918,890217.5781125842,67491.64701267907,13,559.4457477589683
21.155254855254814,2169449.2873932878,11781.279438542775,39,702.6918636519572
10.211990846393057,837141.9364715404,102428.12423693293,37,620.0147676227934
14.724934509452478,1570661.9506670744,86687.98532616696,28,635.7880766330095
15.106464660692758,1552414.060371879,1236718.0776745237,25,477.76818357008824
5.4274300752073446,586705.2233843366,135557.05435003014,16,525.2586137427191
9.693650599654921,897444.6448631462,107167.8228955042,2,518.0149037674463
9.028270929806371,1355508.0285082457,261337.89004312904,18,569.660919860983
1.628721004769555,230100.8405101264,172322.62466752596,17,410.4239421739835
1.5806023333925259,188553.33164465136,78462.35443221976,30,514.3164975818827
20.960729048218564,2247289.1780898375,655881.4078431864,39,648.5206717143365
7.553699439347498,712479.5090193673,497818.813690296,13,427.75654709529954
13.43389038973157,1202962.8972052736,380126.9121820472,32,580.9200726003658
8.169413766130553,710727.328231351,190479.796688511,29,561.8277219360227
23.57630188276817,2570481.2559784856,426252.6711248265,30,659.6540466311817
7.22312221277857,684486.8306086671,206877.56048941903,18,520.9319813988409
11.311763505734442,1321393.6370504696,334771.7543953533,13,541.1862485193107
21.945526011630445,2563688.7027461464,1389117.207022304,21,557.1789146221433
21.206405603003407,2617677.346049267,606427.26865939,30,648.3738610946543
5.466434028310656,518750.6624808283,239538.20067237588,21,491.3980670716233
20.263439435097048,2204832.0774364867,116224.92729138577,17,628.6505366923438
11.996485281709424,1351456.9436905088,206815.24725616493,19,580.452012676178
12.591252930048526,1199567.8329552095,390968.2070410834,15,527.7978698603926
4.203519337982651,389689.55858705996,292095.47293932375,9,392.67570171809115
2.9344363301709917,384289.17175430944,115979.08250668253,10,485.0112491556611
18.470543367370365,1972083.9233161383,1047687.9186467885,31,565.6314975406721
12.915067656527194,1460710.2635698922,298086.81911717774,23,586.614454955372
11.48441686276431,1066825.7320857707,108418.15014969306,30,612.3476571277138
18.508197487657522,1578318.3832653635,73911.5136001567,33,652.7668793178066
19.372309575786634,1789757.5977888177,437292.9035873226,9,549.7241441447125
4.8137960240644855,474424.3974836946,59838.590115826955,1,496.7512116118425
15.645403587463392,1384788.0860586823,192774.07620996996,35,632.5498517597674
4.248497974664453,446222.4127222636,271574.2832714764,11,429.1274071669785
19.033002064697097,1489240.3655083168,18869.355650312908,34,659.0355232691528
16.766923750411348,1426996.1291001781,636794.3121578789,16,515.8302250463377
23.95875090600299,2654988.022762817,805972.3364613536,9,572.4857000155582
2.6549923925541083,353545.1278259223,143270.6275743106,32,529.0938051276694
2.3693133076301036,253004.14823527823,113918.70781403217,15,465.06732797507465
7.7724897926368035,682590.5387095204,171121.45869900315,12,513.1647904352163
100.0,65000.0,120000.0,25,487
100.0,650000.0,120000.0,25,571
100.0,650000.0,120000.0,15,538
80.0,650000.0,120000.0,15,538
80.0,650000.0,120000.0,15,538
80.0,650000.0,120000.0,15,538
80.0,650000.0,120000.0,15,538
80.0,650000.0,120000.0,15,538
89.0,650000.0,120000.0,15,538
89.0,650000.0,120000.0,15,538
89.0,650000.0,120000.0,15,538
60.0,60000.0,120000.0,20,465
3.0,50000.0,70000.0,15,444
50.0,50000.0,100000.0,19,474
10.0,50000.0,200000.0,18,435
15.0,70000.0,200000.0,15,425
2.55,500000300000.0,7000050000.0,1510,565
